text,gold,pred
我在猫爪买的，结果淘宝同款便宜三十，能补吗,价保,其他
满减后比现在便宜，能按原价补差吗,价保,优惠活动
订单显示已签收还能申请价保吗,价保|物流,价保
下单时用券满减后刚好99，系统给免了运费，退货后券过期了，重新下单还能包邮吗？,优惠活动|运费|退换货,运费|优惠活动
会员等级变更后，历史订单评价会受影响吗,会员积分|评价,会员积分
积分能兑换网易严选商品吗,会员积分|商品信息,会员积分
积分能兑换顺丰包邮券吗,会员积分|优惠活动,运费|优惠活动|会员积分
金卡会员在售后上有什么专属待遇,会员积分|退换货,会员积分
孩子把玩具弄坏了，但还在三包期内，是该修还是直接退啊,保修维修|退换货,退换货|质量问题|保修维修
饮水机不出水是怎么回事，水泵能拆下来洗吗,保修维修|商品信息,质量问题
客服，我点“联系客服”弹出的窗口全是乱码，是浏览器兼容问题吗,其他,其他
买完发现发票抬头写成个人了，想改成公司，顺便把尺码不对的那件也退了,发票|退换货|尺码,退换货|发票|订单修改
企业采购能不能开月结账期,发票,物流
增值税专用发票收件人姓名错了+商品存在安全隐患，要下架反馈,发票|质量问题,退换货|发票
增值税专用发票资料审核不通过+商品详情页视频加载不出来，影响选品,发票|商品信息,发票
开的发票货物名称太模糊+商品使用一天就坏了，要走保修还是退换,发票|质量问题|保修维修|退换货,退换货|发票|质量问题
买了双42码的鞋，但详情页没写鞋楦宽窄，脚背高的人穿会不会挤？,商品信息|尺码,尺码
台灯灯罩用的是亚克力还是PC？摸起来有点硬，怕不是劣质塑料…,商品信息,质量问题|商品信息
这个折叠凳承重标80kg，但坐上去晃悠，金属管壁看着好薄，实际用料厚度多少？,商品信息|质量问题,商品信息
下单选错尺码了想换货，还能同步申请价保吗,尺码|退换货|价保,退换货|价保
买小了想换S码，但刚付完款，能直接改地址+改支付方式吗？,尺码|订单修改|支付,退换货|订单修改
买小了想换大号，但新到的这件袖口还有线头没剪，做工粗糙,尺码|质量问题|退换货,退换货|质量问题
买错尺码想换，但系统提示“该尺码暂无库存”，补货和订单修改能打通吗？,尺码|退换货|库存补货|订单修改,退换货|尺码|库存补货
好评发完想改口说“其实有点小”，算尺码+评价双标签吧,尺码|评价,评价
裤子买小了勒肚子，换大一号可以顺丰到付吗,尺码|退换货|物流,退换货|尺码
这件卫衣我平时穿M，下单选了M结果袖子短一截，是版型问题还是尺码虚标？,尺码|质量问题,尺码
补货后会同步更新主图视频里的尺码展示吗？,库存补货|商品信息,尺码|库存补货
这款耳机缺货两个月了，是停产还是物流卡住了？,库存补货|物流,库存补货
下单时勾选了“使用红包”，结果付款时红包没自动抵扣，现在付完了能退差价吗？,支付|优惠活动,优惠活动|价保
用抖音钱包付款后订单异常关闭，钱没退回来，查银行流水也没入账，这算支付失败还是退款延迟？,支付,退换货|支付
我在物流详情里看到“异常：收件人电话空号”，可我留的是对的啊，能重填下联系方式吗？,物流|订单修改,物流
物流一直没更新，等了5天我自行取消订单，预付运费能退吗？,物流|运费,物流|运费|订单修改
物流显示“已签收”，但实际是邻居代收后转交晚了，导致我错过七天无理由，这责任算谁的？,物流|退换货,物流
物流显示已签收，但收到的是空盒，联系售后说要补发，可补发的尺码也显示缺货，这咋整,物流|质量问题|库存补货,尺码|库存补货
订单显示已付款但没发货，现在取消还来得及吗,物流|订单修改,订单修改
下单时地址填错了，现在机器坏了要寄修，能改收件地址吗？,订单修改|保修维修,订单修改
下单时选了“到店自提”，现在想改成快递配送，能改吗,订单修改,物流|订单修改
下单选错颜色了想改，结果收到的红色T恤胸前印花了，油墨还蹭得到处都是,订单修改|质量问题,质量问题
我给了差评了但其实不是商品问题，是物流太慢，这评价能改吗,评价|物流,评价
晒单返现没到账，评价也想改下内容,评价|价保,评价
晒单返现规则说要带图，但我只发了文字好评，能补传图片吗,评价|优惠活动,评价
密码明明记得，但每次输对都提示“密码错误”，还连带收不到支付验证码,账号|支付,账号
差评写了“注册收不到验证码”,账号|评价,账号
注册页面一直加载不出来，而且首页推荐的商品全变成陌生品类了，是账号出问题了吗,账号|商品信息,账号
登录后所有收藏夹空了，历史订单也找不着，是不是封号导致数据清空了？,账号|其他,账号
登录提示“设备异常”，但我就是用常用手机登的，而且订单修改功能也点不了！,账号|订单修改,账号
下单时没注意看详情页，说含羊毛结果一点羊毛味都没有，虚假宣传能退吗？,质量问题|退换货,退换货
买的智能体重体脂秤脂肪率显示负数，身高输入正确，APP同步失败，能重置校准吗？,质量问题|保修维修,商品信息
买的智能晾衣架升降异响，钢丝绳跳槽，遥控器按键粘连，三个问题能一次返厂吗？,质量问题|保修维修,退换货|质量问题
买的智能音箱语音识别率低，方言完全不识别，固件更新后更差，能降级回退吗？,质量问题|保修维修,退换货|质量问题
头戴式耳机线控失灵，插电脑没反应，客服说要寄回检测，这运费谁出？,质量问题|运费,退换货|质量问题|运费
耳机盒盖子合不上，磁吸完全失效，盒子边角还有磕碰凹痕，要修还是换？,质量问题|保修维修|退换货,质量问题|保修维修
一单要满多少包邮，不满的话运费多少，偏远地区又是多少,运费|物流,运费
满199包邮，我买198.5，凑了5毛钱袜子，结果袜子单独发货还收运费？,运费|优惠活动,物流|运费
运费险保额只有8块，我寄顺丰花了15，差的7块能补吗？,运费|价保,运费
买了两双袜子，其中一双少了一只，这种缺件能退整单吗？,退换货|质量问题,退换货|尺码
买的是预售款，现在不想等了能退定金吗,退换货,退换货|订单修改
买的是预售款，等了一个月才发货，结果到手就开线，能退吗？,退换货|质量问题,退换货|物流
买错了尺码想退，但商品页没写清脚长对应表，客服能给个选码参考吗？,退换货|尺码|商品信息,退换货|尺码
定做的东西不满意能退吗,退换货,退换货|尺码
想退，但不确定这个围巾是不是真羊绒，吊牌没写清楚，能查下质检报告吗？,退换货|商品信息,退换货|质量问题
衣服洗一次就缩水了要退货，这个退货运费你们报销不？,退换货|运费,退换货|质量问题|运费
