text,labels,src,reviewed_labels
下单时送了赠品，价保后赠品要退回吗,价保|退换货,synth,
买贵了想退，同时申请价保和退货行不行,价保|退换货,synth,
买贵了申请价保成功，能让我把原来写的差评改成带价保说明的好评吗,价保|评价,synth,
价保+发票修改能一起办吗,价保|发票,synth,
价保+换货一起申请，系统能识别两个诉求吗,价保|退换货,synth,
价保到账慢是不是因为绑的储蓄卡不对,价保|支付,synth,
价保券不能买特价品，限制太多，能换通用券吗,价保|优惠活动,synth,
价保后原来的优惠券还能用吗,价保|优惠活动,synth,
价保后积分退回吗，还是只返现金,价保|会员积分,synth,
价保后订单变成“已完结”，还能开发票吗,价保|发票,synth,
价保和发票都归一个客服处理吗,价保|发票,synth,
价保和退货能一起办吗，差价和退款一起处理,价保|退换货,synth,
价保失败提示“订单含运费险”，这影响吗,价保|运费,synth,
价保失败说“非同款”，可颜色尺码都一样啊,价保,synth,
价保对PLUS会员有额外补贴吗,价保|会员积分,synth,
价保成功了，但发票抬头错了，能换开吗,价保|发票,synth,
价保成功后钱退到哪？原路返回吗,价保|支付,synth,
价保期间我把发票开错了，现在要重开+补差,价保|发票,synth,
价保申请被拒了，理由是“活动价不参与”，可这不是日常价吗,价保,synth,
价保能不能选部分商品补差，不是整单,价保,synth,
价保补差后发票金额要重开吗,价保|发票,synth,
价保要等审核多久？能加急吗,价保,synth,
价保钱退到支付宝，但没收到到账提醒,价保|支付,synth,
价保页面一直加载不出来，是系统问题吗,价保,synth,
会员等级提升后，之前买的商品能保价吗,价保|会员积分,synth,
保价期内商品参加大促跨店满减，能叠加比价吗,价保|优惠活动,synth,
保价申请提交后说“需人工审核”，要等多久,价保,synth,
保价补差到账慢，能加急处理吗,价保,synth,
保价补差后，原订单的满减优惠会调整吗,价保|优惠活动,synth,
保价补差是退到余额还是原支付方式,价保|支付,synth,
保价补差金额太小，能折成积分返吗,价保|会员积分,synth,
好评发完发现优惠券没用上，能一边申请价保一边改评价内容吗,价保|评价,synth,
学生认证用户价保额度更高吗,价保|会员积分,synth,
想申请价保补差价，但系统让我先确认收货，可我还没付款成功，这流程不对啊！,价保|支付,synth,
我买完马上降价，但发票已经开了，还能价保吗,价保|发票,synth,
我买的是套装，现在单卖更便宜，能价保吗,价保,synth,
我买的是积分+现金混合支付，差价怎么算,价保|支付,synth,
我实付用了红包，价保按哪个价算,价保|优惠活动,synth,
我用券买的降价了还能补差价吗,价保|优惠活动,synth,
我用微信支付的，差价能退到微信零钱吗,价保|支付,synth,
缺货商品能价保吗？等补货期间降价了算不算,价保|库存补货,synth,
订单显示已签收还能申请价保吗,价保|物流,synth,
追评里问“保价什么时候到账”,价保|评价,synth,
降价的是赠品，主商品没变价，能补差吗,价保,synth,
下单前领了券，付款时自动失效了，啥情况,优惠活动|支付,synth,
下单后发现优惠券没用上，重新下单能延续原运费险吗？,优惠活动|运费,synth,
下单后发现活动券没用上，现在能退了重拍享受优惠吗？,优惠活动|退换货,synth,
下单时用了10元券，现在要取消订单，券会退回吗,优惠活动|订单修改,synth,
下单时用了店铺优惠券，退货后运费险还能正常赔付吗？,优惠活动|运费,synth,
下单时用了满200减30的券，退货后优惠券会退回吗？,优惠活动|退换货,synth,
下单时用了满减，退货后重新下单，满减额度重置了吗,优惠活动|退换货,synth,
下单时用券满减后刚好99，系统给免了运费，退货后券过期了，重新下单还能包邮吗？,优惠活动|运费|退换货,synth,
为什么我页面显示满200减30，结账变满300了,优惠活动,synth,
为啥别人领到50元券我只有5元，是不是账号有问题,优惠活动|账号,synth,
刚在直播间抢的券，结算时自动用了，但支付时提示“优惠不可用”，钱按原价扣了，差价能退吗？,优惠活动|价保,synth,
券包里有张“服饰专享券”，但我买的是猫砂，能用吗,优惠活动,synth,
券和满减能一起用吗，一单最多用几张，会员折扣叠不叠,优惠活动|会员积分,pool,
券过期了还能不能延长一天啊,优惠活动,synth,
我用券下单后马上取消，券返还延迟了，正常吗,优惠活动|订单修改,synth,
我用券下单，但商家发货错发，要重发还用得上券吗,优惠活动|退换货,synth,
我用积分兑了一张券，但下单时没自动抵扣，是失效了吗？,优惠活动|会员积分,synth,
我用积分兑了个优惠券，结果下单时提示“不可与其他优惠同享”，可页面根本没写这条限制！,优惠活动|评价,synth,
我用积分兑了张券，但结算时提示不可用，咋回事,优惠活动|会员积分,synth,
新人券领了但没在APP内打开，微信小程序能用吗,优惠活动,synth,
新人券领了但注册完没收到短信提醒,优惠活动|账号,synth,
新人券领了但账号被风控，解封后券还在吗,优惠活动|账号,synth,
无门槛券快过期了，能换成现金吗,优惠活动,synth,
满299减40，我买了298.5，差1.5能手动补邮费凑单吗,优惠活动|运费,synth,
满减门槛是含运费吗？我加了包邮券但没满,优惠活动|运费,synth,
满减门槛是按订单实付，那退货运费险算进去吗,优惠活动|运费,synth,
用优惠券买的，退一半商品，满减怎么分摊退款,优惠活动|退换货,synth,
用券下单后商家发货慢，影响保价时效吗,优惠活动|物流|价保,synth,
用券买的，售后退一半，满减是按比例扣还是整单失效,优惠活动|退换货,synth,
用券买的，换货时新商品价格更高，要补差还能用券吗,优惠活动|退换货,synth,
返的券有使用期限吗,优惠活动,synth,
这张“买赠券”送的赠品没发，是算活动违约吗,优惠活动,synth,
2000积分能兑换什么，要不要自己付运费,会员积分|运费,pool,
800积分换的零食小样是包邮的吗,会员积分|运费,pool,
会员等级不同，发货时效一样吗,会员积分|物流,synth,
会员等级升到V3了，说有支付立减，可这次付款没看到减免入口,会员积分|支付,synth,
会员等级变了但优惠券没自动发,会员积分|优惠活动,synth,
会员等级变更后，历史订单评价会受影响吗,会员积分|评价,synth,
会员等级变更后，已领未用的券会失效吗,会员积分|优惠活动,synth,
会员等级变更后，购物车里的商品还享折扣吗,会员积分|商品信息,synth,
会员等级怎么升级,会员积分,synth,
会员等级权益里写的免运费怎么没生效,会员积分|运费,synth,
会员等级权益里的专属活动入口找不到了,会员积分,synth,
会员等级权益里的优先发货怎么体现,会员积分|物流,synth,
成长值累积后等级没变，客服说要手动申请,会员积分,synth,
成长值统计是否包含拼团订单,会员积分,synth,
成长值统计是否含取消订单的那笔,会员积分|订单修改,synth,
成长值达标但系统没自动升级,会员积分,synth,
我刚升到黄金会员，成长值清零了吗,会员积分,synth,
积分兑换后发现地址填错了能改吗,会员积分|订单修改,synth,
积分兑换后商家不发货怎么办,会员积分|物流,synth,
积分兑换后想换成别的商品能操作吗,会员积分|退换货,synth,
积分兑换后能退货吗,会员积分|退换货,synth,
积分兑换的实物发错货了怎么处理,会员积分|退换货,synth,
积分兑换的实物签收后发现少件怎么处理,会员积分|退换货,synth,
积分兑换的实物颜色发错了能换吗,会员积分|退换货,synth,
积分兑换的电子券被误删了能恢复吗,会员积分|评价,synth,
积分兑换的电子券过期了能延期吗,会员积分|优惠活动,synth,
积分兑换的电子卡密重复发送了能退款吗,会员积分|退换货,synth,
积分兑换的虚拟卡密发错了能重发吗,会员积分|退换货,synth,
积分兑换的虚拟商品激活码无效怎么办,会员积分|商品信息,synth,
积分兑换的订单用了优惠券，积分怎么算,会员积分|优惠活动,synth,
积分兑换的订单被快递弄丢了谁负责,会员积分|物流,synth,
积分商城付款时提示余额不足怎么回事,会员积分|支付,synth,
积分商城里的商品下架了，我兑的券还能用吗,会员积分|商品信息,synth,
积分能兑换天猫超市券吗,会员积分|优惠活动,synth,
积分能兑换小红书体验券吗,会员积分|商品信息,synth,
积分能兑换平台优惠券吗,会员积分|优惠活动,synth,
积分能兑换得物代金券吗,会员积分|优惠活动,synth,
积分能兑换网易严选商品吗,会员积分|商品信息,synth,
积分能兑换美团外卖券吗,会员积分|优惠活动,synth,
积分能兑换运费券吗,会员积分|运费,synth,
积分能兑换顺丰包邮券吗,会员积分|优惠活动,synth,
请问月球基地的喵星人会员费多少钱一个月,会员积分,pool,
这张“会员专享券”普通用户领不到，怎么升级,会员积分|优惠活动,synth,
金卡会员在售后上有什么专属待遇,会员积分|退换货,pool,
金卡到底要花多少钱才能升，升了运费上有什么实惠,会员积分|运费,pool,
银卡会员有什么好处，运费和售后分别有什么权益,会员积分|运费|退换货,pool,
保修期是从下单那天算还是签收那天算,保修维修,pool,
商品页面写支持三包，结果客服说人为损坏不保，可我根本没摔过，怎么界定？,保修维修|质量问题,synth,
孩子把玩具弄坏了，但还在三包期内，是该修还是直接退啊,保修维修|退换货,synth,
追评说用了一周发现电池不耐用，现在要保修，评价能保留吗,保修维修|评价,synth,
追评里问“保修卡怎么用”,保修维修|评价,synth,
饮水机不出水是怎么回事，水泵能拆下来洗吗,保修维修|商品信息,pool,
买的时候没注意有运费险入口，现在能补买吗？,其他,synth,
请问月球基地的氦-3采矿许可证怎么办,其他,pool,
请问月球基地的氦-3采矿许可证怎么办,其他,pool,
请问月球基地的氦-3采矿许可证怎么办,其他,pool,
下单时勾选了“需要发票”，现在物流快到了，发票会和货一起寄吗？,发票|物流,synth,
下单时选了个人抬头，现在要改成公司，能改吗？,发票|订单修改,synth,
下单时选了个人抬头，现在要改成公司，还能改吗？,发票|订单修改,synth,
买了东西送朋友，发票抬头写朋友公司名可以吗？但地址得填我的。,发票|订单修改,synth,
买了两件商品，能分开开两张发票吗？,发票,synth,
买完发现发票抬头写成个人了，想改成公司，顺便把尺码不对的那件也退了,发票|退换货|尺码,synth,
买完发现发票抬头填错了，想取消订单重下，但支付已完成，能原路退回再让我重新付吗？,发票|订单修改|支付,synth,
买完发现发票抬头开错了，能先把这笔款退了重开再付吗？,发票|支付,synth,
买的是企业采购，但发票开成了个人，现在要换开，另外这单还没发货能取消吗？,发票|订单修改,synth,
付款后发现填错发票抬头，现在订单已支付完成，能同步修改发票+申请退款重拍吗？,发票|退换货,synth,
发票信息填错+会员积分没到账，能同步处理吗,发票|会员积分,synth,
发票信息填错+物流一直没更新，着急报销也着急收货,发票|物流,synth,
发票内容应为“智能设备”但开了“其他货物”+物流显示派送中但一直没动静,发票|物流,synth,
发票内容跟实际购买不符+物流显示已签收但没收到货,发票|物流,synth,
发票备注要加PO号+库存页面“预计补货”时间一直没更新，能确认吗,发票|库存补货,synth,
发票备注要加合同号+会员等级升级没生效，能帮看下吗,发票|会员积分,synth,
发票开成了“预付款”，实际已发货，要改成“货款”，同时物流单号查不到,发票|物流,synth,
发票开票方名称漏了“有限公司”+优惠活动页面说满299减50但没生效,发票|优惠活动,synth,
发票开票方税号错了+商品页面承诺“顺丰包邮”但发的圆通，差价能补吗,发票|物流|价保,synth,
发票开票时间比实际付款晚三天+订单里赠品没随单发出，补发吗,发票|退换货,synth,
发票开错+支付时显示“处理中”但银行卡已扣款，钱去哪了,发票|支付,synth,
发票开错+运费险理赔失败，两个问题一起咨询下,发票|运费,synth,
发票开错了+运费险理赔材料提交后没反馈，要等多久,发票|运费,synth,
发票开错了，而且地址也填漏了，这算订单修改还是只改发票？,发票|订单修改,synth,
发票开错了，而且我还要把收货地址改成另一个，这两个能一起处理吗？,发票|订单修改,synth,
发票抬头填错了，现在又遇到想换的尺码缺货，能一起帮改抬头+等补货吗？,发票|库存补货,synth,
发票抬头填错了，能先开张新发票再把旧的作废吗？顺便把货也退了,发票|退换货,synth,
发票抬头开错了，但订单已经完成，还能换开吗,发票,synth,
发票抬头开错了，能先退掉重开一张吗？,发票|退换货,synth,
发票抬头要改+价保申请被拒了，能帮忙看看原因吗,发票|价保,synth,
发票抬头错成“猫爪科技”了+想查下这个订单有没有参与满减活动,发票|优惠活动,synth,
发票换开后，原发票作废吗？另外这单运费险怎么没生效？,发票|运费,synth,
发票日期能开成付款当天的吗？另外这单用了满199减30券，但结算没减，啥情况？,发票|优惠活动,synth,
发票日期要改成上个月+账户余额显示异常，能查下吗,发票|账号,synth,
发票没开成功+库存页面显示“缺货”但我想买同款，啥时候补货,发票|库存补货,synth,
发票没收到，订单里有个赠品没发，能一起查吗,发票|物流,synth,
发票能开成公司抬头吗？,发票,synth,
发票邮箱填错+评价晒单图片上传失败，能重试吗,发票|评价,synth,
发票邮箱填错+账号绑定的微信突然解绑了，怎么找回,发票|账号,synth,
发票邮箱填错了，发到别的邮箱了，能换发到正确邮箱吗？另外商品包装破损，要退,发票|退换货|质量问题,synth,
发票邮箱填错收不到+商品颜色发错了要换，咋办,发票|退换货,synth,
发票邮箱填错收不到+订单状态一直“待付款”，明明已支付,发票|支付,synth,
发货后发现发票抬头错了，能同步修改吗？,发票|订单修改,synth,
增值税专用发票收件人姓名错了+商品存在安全隐患，要下架反馈,发票|质量问题,synth,
增值税专用发票资料上传失败+账号登录不上，啥情况,发票|账号,synth,
增值税专用发票资料审核不通过+商品详情页视频加载不出来，影响选品,发票|商品信息,synth,
增值税专用发票需要提供税号，你们系统里能补录吗？,发票,synth,
好评晒单都做了，结果发现发票抬头错了，评价里写的公司名要同步改吗,发票|评价,synth,
好评里提到了发票已开，但其实还没开，这个能修改吗,发票|评价,synth,
开的发票开票方名称不对+商品材质跟描述不一致，要反馈,发票|商品信息,synth,
开的发票税率不对+支付时扣了两笔钱，麻烦核实下,发票|支付,synth,
开的发票货物名称太模糊+商品使用一天就坏了，要走保修还是退换,发票|质量问题|保修维修|退换货,synth,
开的发票购买方名称含错别字+商品详情页的质保年限写错了，以哪个为准,发票|商品信息,synth,
开的发票购买方税号错了+商品详情页说支持七天无理由但客服说不支持，确认下,发票|退换货,synth,
开的发票销方信息不全+想取消订单但显示已支付成功，能撤回吗,发票|订单修改,synth,
开的发票销方地址与营业执照不符+商品功能与宣传视频完全不一样,发票|质量问题,synth,
开票信息中地址太简略+商品包装盒印刷错误，要换新包装,发票|质量问题|退换货,synth,
开票信息中电话号码错了+商品颜色和网页图严重不符，要退,发票|商品信息|退换货,synth,
开票信息填的是个人，想改成企业可以吗,发票|订单修改,synth,
开票信息填错了，要换开，另外商品有划痕想退,发票|退换货|质量问题,synth,
开票信息漏填开户行+商品有划痕要退，麻烦尽快处理,发票|质量问题|退换货,synth,
开票后发现商品价格标错了，发票金额也跟着错了，能一并修正吗,发票|价保,synth,
开票时间晚了影响报销+快递签收异常，能优先处理发票吗,发票|物流,synth,
想把订单里的发票抬头从“个人”改成公司名称，现在还能改吗？,发票|订单修改,synth,
我下单时勾选了“需要发票”，但电子发票邮箱没收到，能补发吗,发票,synth,
我想开票又想申请价保，两个各要多久,发票|价保,pool,
我想开票又想申请价保，两个各要多久,发票|价保,pool,
我要开发票，但价保还没到账，能先开吗,发票|价保,synth,
我要给企业开纸质票，快递费谁付，多久能开出来,发票|运费,pool,
朋友代付的订单，钱是从他账户扣的，但我想要发票抬头写我的名字，能改吗？,发票|订单修改,synth,
用优惠券买的，但发票要开全额，税务合规吗,发票|优惠活动,synth,
用美团月付付款后想开发票，但开票页面要求填写“支付凭证号”，这个在哪查？,发票|支付,synth,
电子发票PDF打不开+商品包装破损要退，怎么解决,发票|质量问题|退换货,synth,
电子发票下载慢+商品材质描述是纯棉但摸起来像涤纶，要检测,发票|质量问题,synth,
电子发票下载提示404+商品外包装有污渍要退，咋处理,发票|退换货|质量问题,synth,
电子发票发到邮箱了没收到，能重发一次吗？同时这单物流显示签收但我没拿到，查下快递,发票|物流,synth,
电子发票重复发送了两份，订单里有一件没发货，咋回事,发票|物流,synth,
积分兑换的订单能开发票吗,发票|会员积分,synth,
要开专票，但税号输错了，现在能换开吗？同时商品颜色发错了要换货,发票|退换货,synth,
说好开电子发票，结果给我推了个纸质版链接，能换成带税务局监制章的PDF版吗？同时查下这单是否已发出？,发票|物流,synth,
这单用了满减，但发票金额要按实付开还是原价,发票|优惠活动,synth,
下单前看到详情页说“含USB-C转接头”，结果收到货没配，是参数写错还是漏发了？,商品信息|质量问题,synth,
买了双42码的鞋，但详情页没写鞋楦宽窄，脚背高的人穿会不会挤？,商品信息|尺码,synth,
买了咖啡机，参数页写着“15Bar压力”，但实测出液无力，是参数虚标还是机器故障？,商品信息|质量问题,synth,
买的不是这个材质，能改规格+咨询商品信息确认成分吗,商品信息|订单修改,synth,
加热垫能一直插着吗，过热了有保护吗，表面能洗吗,商品信息|保修维修,pool,
好评里写了“颜色和描述不符”，算商品信息+评价双标签吧,商品信息|评价,synth,
摄像头版喂食器怎么配网，断电了会不会停喂,商品信息|保修维修,pool,
水杯内胆是304不锈钢还是316？页面没写清楚。,商品信息,synth,
电吹风的负离子浓度标称2000万，单位是/cm³吗？,商品信息,synth,
耳机盒上写的“IPX4防水”，但详情页没说明具体测试标准。,商品信息,synth,
详情页写的材质是硅胶，拿到手摸着像硬塑料，这参数准不准啊？,商品信息|质量问题,synth,
详情页说“加厚保暖”，但没写克重，实际有多厚啊？,商品信息,synth,
详情页说“可水洗”，但没写最高水温，机洗会变形吗？洗坏了能保修不？,商品信息|保修维修,synth,
这个儿童自行车车把高度可调几档？最低档离地多高？,商品信息,synth,
这个商品详情页写着“支持定制刻字”，但下单时没看到选项，是功能没上线还是我漏看了？,商品信息|库存补货,synth,
这个折叠凳承重标80kg，但坐上去晃悠，金属管壁看着好薄，实际用料厚度多少？,商品信息|质量问题,synth,
这个折叠水桶材质是食品级PE吗？有没有异味？,商品信息,synth,
这个毛衣的材质是纯羊毛还是混纺啊？,商品信息,synth,
这个瑜伽垫厚度标6mm，但实物摸着偏软，回弹参数有测试数据吗？,商品信息|质量问题,synth,
这个电动牙刷充电底座是接触式还是感应式？,商品信息,synth,
这个蓝牙音箱的额定功率多少瓦？包装盒和网页写的不一样。,商品信息|质量问题,synth,
这个键盘按键是PBT材质还是ABS的？麻烦确认下～,商品信息,synth,
这款抱枕套的布料摸起来有点硬，是不是和描述里的“亲肤棉麻”不符？,商品信息|质量问题,synth,
这款键盘键帽材质是PBT还是ABS？打字手感和耐磨度差别大吗？,商品信息,synth,
T恤买成XL了，我穿L正合适，现在穿太肥，能换吗,尺码|退换货,synth,
下单后才发现尺码表和实物不符，想换码但全断货，补货和质量问题反馈能并行吗？,尺码|库存补货|质量问题,synth,
下单时没注意看尺码表，买成L了，实际我穿M正合适，现在能直接换M吗？,尺码|退换货,synth,
下单时选错尺码又填错发票抬头，现在能一起改吗？,尺码|发票|订单修改,synth,
下单选错尺码了想换货，还能同步申请价保吗,尺码|退换货|价保,synth,
下单选错尺码想改，结果发现想换的码也缺货，补货和订单修改能联动吗？,尺码|订单修改|库存补货,synth,
买回来发现尺码标错，吊牌写L实际是M，能换吗,尺码|退换货,synth,
买回来才发现尺码标签和洗水唛不一致，外标L内标M，以哪个为准？能退吗？,尺码|退换货,synth,
买大了想换，但怕换货又要等好久，能不能先发新尺码，旧的我再寄回？,尺码|退换货,synth,
买大了想退，尺码不合适穿着太松垮，麻烦处理下,尺码|退换货,synth,
买小了想换S码，但刚付完款，能直接改地址+改支付方式吗？,尺码|订单修改|支付,synth,
买小了想换大号，但商品页面写着“发货后不支持修改”，现在还没出库能拦下来吗？,尺码|退换货|订单修改,synth,
买小了想换大号，但新到的这件袖口还有线头没剪，做工粗糙,尺码|质量问题|退换货,synth,
买小了想换大号，能先改订单里尺码再发货吗,尺码|订单修改,synth,
买小了想换大号，能改规格+按尺码建议重新选吗,尺码|订单修改,synth,
买小了想换码，但快递还没到，能等到了直接退换吗？,尺码|退换货,synth,
买小了想换，衣服穿不下，尺码不合适，麻烦尽快处理,尺码|退换货,synth,
买小了穿不下，想换大一码的可以吗？,尺码|退换货,synth,
买小了穿不下，能退了重拍个大码的吗？,尺码|退换货,synth,
买小了要换大码，但大码断货中，补货前能先保留原订单吗？,尺码|退换货|库存补货,synth,
买错了尺码，能把订单里的数量改成1件小号吗,尺码|订单修改,synth,
买错尺码了想换成L码，能改规格吗,尺码|订单修改,synth,
买错尺码想换，但系统提示“该尺码暂无库存”，补货和订单修改能打通吗？,尺码|退换货|库存补货|订单修改,synth,
买错码了，裤子腰围太大想换小一号，但客服说要先退货再下单，能直接换吗？,尺码|退换货,synth,
儿童睡袋标注3-6个月，我家宝宝5个月但腿长已超60cm，会不会太短？,尺码|商品信息,synth,
刚下单发现尺码全缺货，能不能先帮我预留个号等补货？,尺码|库存补货,synth,
刚收到T恤，袖子短了一截，是尺码做小了还是我选错码了,尺码|质量问题,synth,
卫衣下摆直接盖到大腿中间，我168cm穿XL也太长了吧,尺码,synth,
卫衣买大了套着像麻袋，申请换小一号的可以吗,尺码|退换货,synth,
卫衣买小了，下摆只到胯骨，换L码要提供试穿照片吗,尺码|退换货,synth,
卫衣买小了，抬手就绷紧，换L码要等几天？,尺码|退换货,synth,
卫衣胸口印着“L”但洗一次后缩到像M码，是面料问题还是本来尺码就虚？,尺码|质量问题,synth,
同个品牌同款牛仔裤，上次买29码很贴合，这次29码大腿卡住蹲不下，是批次不同尺码不一致？,尺码|质量问题,synth,
同款上衣我去年买过M码很合身，今年同款M码却勒肩膀，是不是改版缩水了？,尺码|商品信息,synth,
外套买大了想换，但看到页面写“特价商品不支持退换”，这算不算尺码误导？,尺码|退换货,synth,
好评发完想改口说“其实有点小”，算尺码+评价双标签吧,尺码|评价,synth,
婴儿连体衣说适合6-12个月，我家娃8个月穿上去裆部紧绷，是尺码虚标还是宝宝胖？,尺码|商品信息,synth,
孕妇裙标“均码”，但孕32周穿起来肚子勒得慌，这种没具体尺码的怎么选？能退不？,尺码|退换货,synth,
孩子穿小了想换成大一号的,尺码|退换货,synth,
孩子衣服尺码买小了，现在还没发货能改规格吗,尺码|订单修改,synth,
尺码不准+断货，这双重打击让我没法换，补货和尺码标准能一起复盘吗？,尺码|库存补货,synth,
尺码不准导致我多拍两件试穿，结果剩下那件也断货了，补货能快点吗？,尺码|库存补货,synth,
尺码表误导+断货，补货时能把修正后的尺码信息同步上架吗？,尺码|库存补货,synth,
尺码表说偏小，我按建议选了40码，结果40也缺货，能补吗？,尺码|库存补货,synth,
差评写了“尺寸不准”，这算尺码+评价双标签吧,尺码|评价,synth,
快递刚到，拆开一看毛衣袖长比我手臂还长一截，尺码肯定不对，现在要退怎么操作？,尺码|退换货,synth,
想换码，但不确定新尺码对应的实际胸围是多少，能给个详细尺寸表吗？,尺码|商品信息,synth,
我买的是M码但穿上有点紧，是不是尺码偏小啊,尺码,synth,
我买错了尺码能退吗,尺码|退换货,synth,
我妈穿XL的，我看详情页说这款毛衣偏大，就选了L，结果她穿上直晃荡，能换S吗？,尺码|退换货,synth,
我按旧款尺码买的同系列新品，结果新款M码比旧款S还紧，是改版没同步更新尺码说明？,尺码|商品信息,synth,
断码归本类？那我选不了尺码是不是也算尺码问题？,尺码|库存补货,synth,
断码的尺码啥时候能回来？等了好久了！,尺码|库存补货,synth,
棒球服标L码，我平时穿L正常，这件腋下紧得抬不起手，咋回事,尺码|质量问题,synth,
毛呢大衣买大了，肩线掉到胳膊上，换小一号包邮吗,尺码|退换货|运费,synth,
毛呢大衣买小了，扣子绷着响，换160码要等补货吗,尺码|退换货|库存补货,synth,
毛衣领口标着均码，但脖子粗的人能穿吗？有具体围度数据吗？,尺码|商品信息,synth,
牛仔外套尺码表里肩宽和衣长差太多，看着像童装，是印错了？,尺码|商品信息,synth,
牛仔裤买大了，裤脚扫地，换26码能加急换货吗,尺码|退换货,synth,
牛仔裤买小了，蹲下就裂，换27码能优先发货吗,尺码|退换货,synth,
牛仔裤标28码实际只有27，商家是不是偷工减料，要退换,尺码|退换货,synth,
瑜伽裤我穿M码正常，这条M码大腿处绷得慌，臀围又松，是不是剪裁偏小？,尺码|商品信息,synth,
男朋友身高182体重75kg，想买这件美式复古衬衫，选XXL会不会太垮？,尺码|商品信息,synth,
睡裙标均码，但弹力不大，微胖能穿吗会不会显胖,尺码|商品信息,synth,
羊毛袜标均码39-42，我40码穿完脚背勒出印，是弹性差还是偏小,尺码|质量问题,synth,
羊绒衫买小了，袖口卡在小臂，换L码能用原包装盒寄回吗,尺码|退换货,synth,
羊绒衫买小了，袖口卡手腕，换大一号需要重新下单吗,尺码|退换货,synth,
羊绒衫标S码，我肩宽38穿完袖子只到手腕，是袖长缩水还是尺码错,尺码|质量问题,synth,
羽绒服买大了，领子空得漏风，换160码要补运费差吗,尺码|退换货|运费,synth,
羽绒服买小了，手臂抬不起来，换大一号能同步更新物流信息吗,尺码|退换货|物流,synth,
羽绒服买小了，抬手就扯着腋下，换大一号能免二次运费吗,尺码|退换货|运费,synth,
羽绒服尺码比往年同品牌大一圈，今年是不是改版了,尺码|商品信息,synth,
羽绒服尺码比描述小一圈，穿起来紧绷绷的，能退吗,尺码|退换货,synth,
羽绒服袖长明显短于详情页图示，是尺码偏差还是图片误导,尺码|商品信息,synth,
衣服尺码不合适，想先改订单数量为0再申请退货,尺码|订单修改|退换货,synth,
裙子尺码标S/M/L，没写具体胸围腰围，能给个详细尺寸吗,尺码|商品信息,synth,
裤子买大了，穿着空荡荡的，能退吗？,尺码|退换货,synth,
裤子买小了勒肚子，换大一号可以顺丰到付吗,尺码|退换货|物流,synth,
裤子买小了穿不了，能给我换条大一号的吗,尺码|退换货,synth,
裤子尺码不合适想换，但不同颜色库存不一样，换货要重新付运费吗？,尺码|退换货|运费|库存补货,synth,
裤子尺码买小了，想换成大一号的，怎么操作？,尺码|退换货,synth,
裤子尺码偏大，想退掉重新下单，退货运费谁出啊？,尺码|退换货|运费,synth,
裤子腰围32码对应的实际厘米数是多少？尺码表只写了S/M/L，太模糊了！,尺码|商品信息,synth,
裤子腰围太大了，换S码行不行,尺码|退换货,synth,
西装外套标48码，我肩宽44穿起来垫肩都快掉下来了，咋回事,尺码|质量问题,synth,
西装裤买大了，裤脚堆三折，换165码能同步更新物流单号吗,尺码|退换货|物流,synth,
试穿后发现尺码不合适，想换码，可所有码都显示缺货，啥时候补？,尺码|退换货|库存补货,synth,
试穿后发现尺码和详情页描述不符，想换码但全缺货，补货和商品信息准确性需核查,尺码|库存补货|商品信息,synth,
试穿后觉得尺码不准想退货，但发现同款其他尺码也缺货，补货和退换货时效能协调吗？,尺码|退换货|库存补货,synth,
运动bra我平时穿B杯，但这款B杯罩杯空杯还勒肋骨，是尺码设计不合理吗？,尺码|商品信息,synth,
运动内衣我一般穿34B，你们家34B罩杯太浅还勒肩，是尺码不准还是设计问题？,尺码|商品信息,synth,
运动裤买大了，裤脚堆在地上，换170码能免退货运费吗,尺码|退换货|运费,synth,
运动裤买大了，裤脚拖地，换M码可以免运费吗,尺码|退换货|运费,synth,
运动裤标175/74A，我170/62穿起来裤脚拖地，是不是尺码乱标,尺码|质量问题,synth,
这个商品详情页的尺码表和客服之前发我的不一样，以哪个为准,尺码|商品信息,synth,
这件卫衣我平时穿M，下单选了M结果袖子短一截，是版型问题还是尺码虚标？,尺码|质量问题,synth,
这件睡裙我按身高体重选的L码，结果下摆到小腿肚，比我预想的短好多，是尺码表没标衣长吗？,尺码|商品信息,synth,
这件衬衫我穿S码肩膀都卡着，同事穿同身高体重却说M刚好，是不是剪裁太窄？,尺码|商品信息,synth,
这件针织开衫标着“宽松版型”，但我穿M码都快包不住肚子了，正常吗？,尺码|商品信息,synth,
这件风衣肩宽卡得难受，我平时穿M完全没问题，是不是肩线设计太窄？,尺码|商品信息,synth,
这件风衣肩宽标42cm，我实际肩宽41.5cm，穿起来会显壮吗？求真实反馈！,尺码|商品信息,synth,
这双拖鞋我穿37码刚好，但下单的37码收到后脚后跟露一大截，明显偏大！,尺码|退换货,synth,
这双拖鞋我穿37码，下单37收到38，是发错货还是尺码表不准？,尺码|退换货,synth,
这双马丁靴我穿39码，下单39收到40，能直接换回39吗？,尺码|退换货,synth,
连帽衫买大了，帽子戴头上晃悠悠，换M码流程怎么走,尺码|退换货,synth,
连帽衫买小了，帽子戴不上头，换M码要等多久？,尺码|退换货,synth,
连衣裙买小了，拉链拉不到顶，换大一号你们安排上门取件吗,尺码|退换货,synth,
针织开衫买大了，袖口垂到手背，换M码要重新上传身份证吗,尺码|退换货,synth,
针织开衫标S但穿上像童装，换L码你们承担退货运费吗,尺码|退换货|运费,synth,
针织裙买大了，腰头空一大截，换S码能用上次的物流单号吗,尺码|退换货|物流,synth,
防风外套标160/80A，我158/52穿完下摆盖过屁股，长度离谱,尺码|商品信息,synth,
雪纺衬衫买小了，扣子扣不上，换M码要重新付款吗,尺码|退换货,synth,
鞋子偏小想换大一码，换货的来回运费怎么算？,尺码|退换货|运费,synth,
鞋子右脚比左脚宽好多，能换吗,尺码|退换货,synth,
鞋子穿着挤脚，尺码不合适要换小一码的，怎么操作？,尺码|退换货,synth,
鞋子穿着磨脚，是不是尺码偏小？想退换但不确定该选哪个尺码,尺码|退换货,synth,
鞋码选错了，41码挤脚，要换成42码可以吗,尺码|退换货,synth,
下单前问客服说下周补货，结果今天看还是缺货，是延迟了还是系统没更新？,库存补货,synth,
为啥我收藏夹里加了好久的商品突然不见了，是下架了吗,库存补货|商品信息,synth,
你们说的“近期补货”是下周还是下个月？太模糊了！,库存补货,synth,
我等这个杯子好久了，补货通知能开一下吗,库存补货,synth,
断码补货时会做库存分级吗？比如先保核心城市？,库存补货,synth,
断码补货时会同步更新SKU编码吗？怕买到混批,库存补货|商品信息,synth,
断货的帆布包啥时候补？我开票信息填错了，能等补货时一起更新发票吗？,库存补货|发票,synth,
缺货的保温杯什么时候上架？我发票抬头填错了也得一起改下,库存补货|发票,synth,
缺货的护膝啥时候补？我支付失败了两次，补货后能优先发货吗？,库存补货|支付,synth,
缺货的那款充电宝什么时候补？我买大了想退，得先知道补货时间好决定要不要等,库存补货|退换货|尺码,synth,
缺货补发的处理时限是几个工作日,库存补货|物流,pool,
补货后会优化详情页的库存提示语吗？别总写“暂无”,库存补货|商品信息,synth,
补货后会同步更新主图视频里的尺码展示吗？,库存补货|商品信息,synth,
补货时会检查旧批次余量吗？怕补的还是老瑕疵批次,库存补货|质量问题,synth,
这个儿童水杯M码缺货，客服能查下是不是系统没更新库存？我尺码选错了可能要换货,库存补货|尺码|退换货,synth,
这件卫衣L码啥时候补？急着穿！,库存补货|尺码,synth,
这款儿童水杯断码，补货时能同步更新商品详情页的材质说明吗？,库存补货|商品信息,synth,
这款儿童袜子断码了，补货时能不能同步更新尺码表？,库存补货|尺码,synth,
这款宠物食盆断货了，补货后能参加满300减50活动吗？,库存补货|优惠活动,synth,
这款帆布包断货了，补货后开售会发短信提醒吗？能和发票一起开吗？,库存补货|发票,synth,
这款睡衣套装断码了，补货时会恢复所有颜色吗？,库存补货|商品信息,synth,
这款耳机缺货两个月了，是停产还是物流卡住了？,库存补货|物流,synth,
这款蓝牙音箱全渠道都缺货，是不是不补了？我要是申请价保的话补货价算不算新价格？,库存补货|价保,synth,
这款蓝牙音箱缺货快一个月了，是不是停产了？另外保修卡也没随货，能补寄+告知补货时间吗？,库存补货|保修维修,synth,
这款袜子全尺码都缺货，是不是停产了？要是不补货我就要申请退换货了,库存补货|退换货,synth,
这款键盘断码严重，客服能告知具体补货日期吗？我买错了尺码可能要退换,库存补货|退换货|尺码,synth,
这款键盘断货后评论区全是问补货的，能人工置顶个公告吗？,库存补货|评价,synth,
这款鞋断码了什么时候能补货啊,库存补货,synth,
颜色缺货+尺码只剩XL，我穿不了，能退吗,库存补货|尺码|退换货,synth,
下单时勾选了“使用红包”，结果付款时红包没自动抵扣，现在付完了能退差价吗？,支付|优惠活动,synth,
下单时选了“先用积分再付现金”，结果全扣的现金，积分没抵扣，能补退吗？,支付|会员积分,synth,
下单选了“货到付款”，但物流显示已发货，现在还能改成在线支付吗？,支付|订单修改,synth,
付款后订单状态还是“待付款”，但银行卡短信说已扣398元,支付|订单修改,synth,
付款时突然闪退，不知道付没付成功，查不到订单,支付|订单修改,synth,
付款时误点了“境外卡支付”，结果跳转到全英文界面，看不懂怎么操作,支付,synth,
刚下单就自动扣款了，能不能取消这笔支付？,支付|订单修改,synth,
刚开通数字人民币钱包，第一次付就提示“钱包未激活”，激活在哪操作？,支付|账号,synth,
刚退货成功，说72小时退款到账，但现在48小时了支付宝还没收到钱，是卡在支付环节了吗？,支付|退换货,synth,
孩子误点付款，用我手机微信付了299，能原路退回吗？,支付|退换货,synth,
微信分付额度刚提了，付完款发现商品缺货，申请退款后分付账单里还挂着这笔，钱啥时候能解冻？,支付|库存补货,synth,
微信支付扣了两次钱，订单却只成功一笔，多扣的能退吗？,支付|退换货,synth,
微信支付扣了两次钱，订单却只成功了一单，多扣的钱能退吗？,支付|退换货,synth,
我用支付宝付款失败，重新支付时优惠没了，能恢复吗,支付|优惠活动,synth,
我的订单，用了100积分（1:1）+99现金，但支付后积分没扣、现金扣了199,支付|会员积分,synth,
支付宝里设置了“优先使用余额宝”，但这次付完发现扣的是余额，为啥没走余额宝？,支付,synth,
朋友用我账号下单，他扫的码，但扣的是我微信钱包的钱，能转回他账上吗？,支付|账号,synth,
用vivo手机的“应用分身”开两个微信，用副号付款，扣的是主号的钱吗？,支付|账号,synth,
用亲属卡付的，但账单显示是主卡人名字，会影响我的信用记录吗？,支付|账号,synth,
用抖音钱包付款后订单异常关闭，钱没退回来，查银行流水也没入账，这算支付失败还是退款延迟？,支付,synth,
用数字人民币硬钱包碰一碰付款，手机显示“支付成功”，可订单状态一直“处理中”，是不是数字人民币通道不稳定？,支付,synth,
用知乎APP内嵌浏览器打开，支付按钮灰色不可点，是屏蔽了JS？,支付,synth,
用网易支付下单，结果扣的是我很久不用的网易宝余额，怎么换默认？,支付|账号,synth,
订单还没付款，系统卡在支付页，能取消重下吗,支付|订单修改,synth,
选了货到付款，结果下单后自动跳转到在线支付页面，还扣了我账户里的钱，这算强制支付吗？,支付|订单修改,synth,
银行卡余额明明够，为啥提示“余额不足”？,支付,synth,
下单时备注要发顺丰，结果发了普通快递，能退重发吗,物流|退换货,synth,
下单选了到付，结果快递硬要我现场扫码付13块，这算包邮吗？,物流|运费,synth,
买了两件，只收到一件，另一件物流单号都查不到，是不是少发了？,物流|退换货,synth,
买的是预售款，发货前我能申请包邮吗？,物流|运费,synth,
仓库在哪个城市，能不能到仓库自提,物流|库存补货,pool,
刚下单就改了地址，现在物流还在往旧地址走，能拦截重派吗？,物流|订单修改,synth,
刚收到货发现少了一包猫粮，物流单上写的是5件，实际只给4件，怎么补？,物流|退换货,synth,
刚签收发现快递盒被压扁，里面玻璃杯碎了，这怎么处理？,物流|质量问题|退换货,synth,
发货前能加急发顺丰吗？愿意补运费差价,物流|运费,synth,
发货前能打电话确认下打包情况吗？我怕猫粮压碎。,物流|质量问题,synth,
发货后发现地址少写了楼层，能联系快递员修改吗？,物流|订单修改,synth,
发货后能发个物流实时推送提醒吗？老要自己手动查太麻烦。,物流,synth,
发货后能改快递公司吗？我想换成京东物流。,物流|订单修改,synth,
商品详情页写“包邮”，购物车却显示+5运费，以哪个为准？,物流|运费,synth,
填错邮政编码了，会影响派送吗？能改吗,物流|订单修改,synth,
好评里写了“快递员态度差”，算物流+评价双标签吧,物流|评价,synth,
好评里夸了物流快，算物流加评价双标签吧,物流|评价,synth,
孩子急着用，能不能加急发个顺丰？愿意补运费。,物流|运费,synth,
客服之前答应过补发漏发的配件，到现在还没寄，能催一下吗？,物流|退换货,synth,
差评写了“发货慢+包装烂”,物流|质量问题,synth,
快递发到旧地址了，能马上改新地址吗,物流|订单修改,synth,
快递员把包裹放电动车筐里淋雨送，导致纸箱泡烂了，这责任算谁的？,物流|质量问题,synth,
快递把箱子压扁了，里面商品完好，但我不想收了，退货运费谁出？,物流|退换货|运费,synth,
快递把货放物业，我下班去取时发现被拿走，报警后退货，运费谁出？,物流|运费,synth,
快递把货送错小区，我跑去拿的，这趟打车费能算进退货运费吗？,物流|运费,synth,
快递显示“已签收”，但我拆开发现少了2袋猫粮，能查出仓单明细吗？,物流|退换货,synth,
快递显示“签收”，但签收人名字是“王**”，不是我，也没授权，这算签收吗？,物流,synth,
快递显示已签收，但我根本没收到货，现在联系不上快递员，你们能查下到底送哪去了吗？,物流,synth,
快递显示签收了但我没收到，这单能直接退款吗？,物流|退换货,synth,
快递显示签收，但包装严重破损，里面商品也摔坏了，这算物流问题还是质量问题？,物流|质量问题,synth,
快递还没发，帮我把收货人电话改一下行不行,物流|订单修改,synth,
我在新疆你们能给送不，要不要多掏钱,物流|运费,pool,
我在物流详情里看到“异常：收件人电话空号”，可我留的是对的啊，能重填下联系方式吗？,物流|订单修改,synth,
我填的地址带括号（A栋），但物流单写成“A栋）”，快递拒收了，能重打面单吗？,物流|订单修改,synth,
我填的是学校宿舍，但物流单写成“XX大学收发室”，快递不认，能改吗？,物流|订单修改,synth,
我填错收货省区导致快递被退回，重新发还要再收一次运费？,物流|运费,synth,
我选了顺丰发货，结果发了个圆通，多出来的运费能退吗？,物流|运费,synth,
新疆那个是不是还要加钱才能发,物流|运费,pool,
满299包邮，我凑单买了零食凑够了，结果零食被拆单发货还收运费？,物流|运费,synth,
物流一直没更新，等了5天我自行取消订单，预付运费能退吗？,物流|运费,synth,
物流信息三天没更新了，一直卡在中转站，等不及了想直接退！,物流|退换货,synth,
物流信息停在“派件中”三天了，能催一下配送吗？,物流,synth,
物流信息里“签收人电话”是我填的，但快递打过去是空号，能更新吗？,物流|订单修改,synth,
物流信息里写的预计送达时间过了两天还没到，超时了能赔吗？,物流|运费,synth,
物流单号生成后多久能被快递公司揽收？超24小时算异常吗？,物流,synth,
物流显示“已签收”，但实际是邻居代收后转交晚了，导致我错过七天无理由，这责任算谁的？,物流|退换货,synth,
物流显示“已签收”，但我根本没收到，申请售后要走退换货还是物流投诉？,物流|退换货,synth,
物流显示“派件异常”，我联系快递说要加收3元送货上门费，这算包邮吗？,物流|运费,synth,
物流显示“签收异常：他人代收”，我没授权任何人代收，这算签收有效吗？会影响保修吗？,物流|保修维修,synth,
物流显示已签收但我根本没看见包裹，申请退货能通过吗？,物流|退换货,synth,
物流显示已签收，但我家监控没拍到快递员，找快递索赔后，你们还承担退货运费吗？,物流|运费,synth,
物流显示已签收，但我根本没收到，这退货运费谁负责？,物流|运费,synth,
物流显示已签收，但我没收到，这期间产生的退货运费谁负责？,物流|运费,synth,
物流显示已签收，但我没签字也没收到，现在申请退货，运费谁出？,物流|退换货|运费,synth,
物流显示已签收，但收到的是空盒，联系售后说要补发，可补发的尺码也显示缺货，这咋整,物流|质量问题|库存补货,synth,
物流显示派件中但我没在家，快递直接放驿站丢件了，找你们赔的话运费和商品一起赔吗？,物流|运费|退换货,synth,
物流显示派送中但一直没电话，等太久想退了,物流|退换货,synth,
物流显示签收三天了，但家里没人收过快递，现在申请退货还来得及吗,物流|退换货,synth,
物流超时未签收，自动确认收货了，这合理吗？,物流|退换货,synth,
积分兑换的东西物流慢是不是要扣成长值,物流|会员积分,synth,
签收了但没收到货，是不是送错了？,物流,synth,
订单显示已付款但没发货，现在取消还来得及吗,物流|订单修改,synth,
说好京东物流包邮，结果发的是圆通还收我运费？,物流|运费,synth,
货到了但外包装严重破损，里面东西可能坏了，这算物流问题还是质量问题？,物流|质量问题,synth,
这个赠品没随单发，能单独补寄一个吗？,物流,synth,
配送范围有哪些，偏远地区运费怎么算,物流|运费,pool,
下单后发现地址填错，改地址成功但物流已发，多出的转运费谁付？,订单修改|运费|物流,synth,
下单后发现要开专票，能改地址+换开发票类型吗,订单修改|发票,synth,
下单后发现规格选错了，要从XL改成L，能改吗,订单修改|尺码,synth,
下单后改过一次地址，发货时按新地址还是旧地址？物流能查到修改记录吗？,订单修改|物流,synth,
下单时地址填错了一个字，收到货想退,订单修改|退换货,synth,
下单时地址填错了，现在机器坏了要寄修，能改收件地址吗？,订单修改|保修维修,synth,
下单时地址填错了，货已发出，现在能拦截改地址或等到了再退吗？,订单修改|退换货,synth,
下单时地址填错了，货已经发出了，现在能拦截改成退货吗？,订单修改|退换货,synth,
下单时把“加厚款”看成“普通款”，能改规格吗,订单修改|商品信息,synth,
下单时把“无香型”选成“薰衣草味”，能改规格+问气味浓度差异吗,订单修改|商品信息,synth,
下单时把“标准版”看成“Pro版”，能改配置+说明性能差异吗,订单修改|商品信息,synth,
下单时把“男款”选成“女款”，能改规格+按尺码推荐合适尺码吗,订单修改|尺码,synth,
下单时用了券，但发货后发现地址填错，改地址会影响优惠吗,订单修改|优惠活动,synth,
下单时选错了收货地址，又马上支付成功了，现在能改地址+退掉这单重新下单吗？,订单修改|退换货,synth,
下单时选错颜色了想换一个,订单修改|退换货,synth,
下单时选错颜色了，现在要换成黑色，能换货吗？,订单修改|退换货,synth,
下单选错颜色了想改，结果收到的红色T恤胸前印花了，油墨还蹭得到处都是,订单修改|质量问题,synth,
买多了想退，但想先改数量+走退换货流程,订单修改|退换货,synth,
买的是A系列想换成B系列，能改规格+问B系列库存补货时间吗,订单修改|库存补货,synth,
买的是预售商品，发货前取消订单，预付的运费能退吗？,订单修改|运费,synth,
买的是预售款，但想改成现货款，能改规格+问补货时间吗,订单修改|库存补货,synth,
买的是预售款，发货前能改地址吗？改地址后运费会变吗？,订单修改|运费,synth,
买错了型号，想把订单里的A款替换成B款，能操作吗,订单修改|退换货,synth,
买错了适用季节（夏款下单冬款链接），能改规格+查商品信息确认属性吗,订单修改|商品信息,synth,
买错充电接口类型了，能改规格+查商品参数确认兼容性吗,订单修改|商品信息,synth,
买错包装形式了（礼盒/简装），能改规格+确认赠品是否变动吗,订单修改|商品信息,synth,
买错适用肤质了（油皮买了干皮款），能改规格+按商品信息确认成分适配吗,订单修改|商品信息,synth,
刚下单发现地址填错了，改成新地址后运费变了，能按原订单包邮算吗？,订单修改|运费,synth,
刚下单发现规格选成24寸了，其实想要26寸的，现在能改吗？,订单修改|尺码,synth,
刚下单发现降价，还没付款能取消重下再价保吗,订单修改|价保,synth,
刚下单就发现地址是空号，能马上改地址再发货吗,订单修改|物流,synth,
刚下单就后悔了想取消，但系统提示已生成运单，运费能退吗？,订单修改|运费,synth,
刚下单就后悔了想取消，但页面提示“已发货”，现在退货的运费谁付？,订单修改|退换货|运费,synth,
刚下单就后悔了，想取消+申请运费险,订单修改|运费,synth,
刚下单就后悔了，想取消订单但页面提示“已支付”，现在还能退吗？,订单修改|退换货,synth,
刚下单就后悔了，想取消订单但页面显示已支付成功，这钱还能退回来吗？,订单修改|支付,synth,
刚下单就后悔了，想取消订单，但页面说已打包，这算发货了吗？,订单修改|物流,synth,
刚下单就后悔了，能不能秒取消啊,订单修改,synth,
刚下单就后悔了，还没发货能取消订单改退吗？,订单修改|退换货,synth,
刚下单就想取消，但订单状态已经是“已发货”，还能退吗？,订单修改|退换货,synth,
刚下单还没发货，能直接取消订单改成换货吗？,订单修改|退换货,synth,
刚付款发现地址少了个“路”字，能改地址+确认是否影响物流时效吗,订单修改|物流,synth,
刚付款就收到短信说已打包，还能取消订单吗,订单修改|物流,synth,
发货后能改地址吗？刚想起来收货地搬新家了！,订单修改|物流,synth,
地址写反了省市，能紧急修改+催发货吗,订单修改|物流,synth,
地址错了急用，能改地址+催一下今天发货吗,订单修改|物流,synth,
填错代收点名称了，能改指定代收点+同步更新物流面单吗,订单修改|物流,synth,
填错保税仓选项了（直邮/保税），能改发货方式+说明清关影响吗,订单修改|物流,synth,
客服能帮我查下这个订单是不是被合并过？我看商品数量对不上,订单修改,synth,
快递已经发出了还能改收货地址吗,订单修改|物流,synth,
想把订单改成货到付款，但现在已支付成功，能先退掉这单再重新选货到付吗？,订单修改|退换货,synth,
我买完发现地址填错了，能改地址吗？改了地址运费会多收吗？,订单修改|运费,synth,
我填错收货人名字了，只错了一个字，能直接改吗？还是必须取消重下？,订单修改,synth,
我填错收货地址了，货已经发出了，能拦截改地址然后换货吗？,订单修改|退换货,synth,
换货新地址填错了，快递又退回，这来回运费谁负责？,订单修改|运费,synth,
昨天下的单今天想取消直接退,订单修改|退换货,synth,
积分兑换的订单能修改收货地址吗,订单修改|会员积分,synth,
能不能把我所有未付款订单自动取消？快到期了怕误付,订单修改,synth,
订单显示“已打包”，这时候还能改地址吗,订单修改|物流,synth,
订单显示“已装车”，还能不能取消或改配送地址？,订单修改|物流,synth,
订单显示“已锁定库存”，这时候取消会释放库存吗,订单修改|库存补货,synth,
订单还在待确认，能取消+把会员折扣重新计算进新单吗,订单修改|优惠活动,synth,
订单还没出库，我想改成到付可以吗,订单修改|物流,synth,
订单还没出库，能取消+把满减优惠自动带入新订单吗,订单修改|优惠活动,synth,
订单还没发货，能取消+重新下单用新优惠券吗,订单修改|优惠活动,synth,
订单还没审核，能取消+把积分退回吗,订单修改|会员积分,synth,
订单里有三件商品，只想要其中两件，能删掉一件吗,订单修改,synth,
订单里有个商品想换成同款不同色，能直接改吗,订单修改|退换货,synth,
订单里有个颜色选错了，能换成另一个颜色吗,订单修改,synth,
好评发了但没积分，是不是漏了,评价|会员积分,synth,
好评里提到了发票问题，现在发票已解决，能更新评价内容吗？,评价|发票,synth,
好评里提到快递问题会被删吗,评价|物流,synth,
差评写了“质量差”，其实只是尺码不合适，现在想改成“尺码偏小”，能改吗,评价|尺码,synth,
差评写了商品色差，平台会核实吗,评价|商品信息,synth,
差评发出去两小时了，还没人联系我，能撤回吗,评价|其他,synth,
差评发完才看到活动页写着“质量问题包退”，这评价还能删吗,评价|退换货,synth,
差评被折叠了，怎么申请展开,评价,synth,
我刚晒完单，能帮我把评价里的照片删掉一张吗,评价,synth,
我晒单配的文字里带了个链接（是小红书笔记），被秒删评，这算违规吗？,评价,synth,
我给了差评了但其实不是商品问题，是物流太慢，这评价能改吗,评价|物流,synth,
我追评写了物流太慢，结果被系统判定为“攻击性语言”屏蔽了？,评价|物流,synth,
晒单后发现优惠券没用上，现在想补个追评说明，怎么加,评价|优惠活动,synth,
晒单后发现地址填错了，顺便把评价也改一下行不行,评价|订单修改,synth,
晒单后商家说要返券，但我评价里写了差评，能先删差评再晒单吗,评价|优惠活动,synth,
晒单图片里不小心露出家人脸了，能只删图不删文字评价吗,评价,synth,
晒单返现没到账，评价也想改下内容,评价|价保,synth,
晒单返现规则说要带图，但我只发了文字好评，能补传图片吗,评价|优惠活动,synth,
登录后所有历史评价都不见了，只留个空框，是账号数据丢失了吗？,评价|账号,synth,
能不能把我上个月的评价删掉重新写，当时写错了几个字,评价,synth,
能删掉之前那条差评吗,评价,synth,
追评写完发现错别字，能改吗,评价,synth,
追评想夸做工，但得先退掉那个开线的，评价和退货一起办行吗,评价|退换货,synth,
追评里提到商品有异味，客服说要我删掉这句，合理吗？,评价|质量问题,synth,
为啥我一登录就自动退出？刚买完东西订单状态也不更新了,账号|订单修改,synth,
刚注册完就登不上，手机验证老失败，是不是系统崩了,账号,synth,
好评里提了“登录不了账号”,账号|评价,synth,
学生认证过期了，但支付时还显示学生价按钮，点进去却报错,账号|优惠活动,synth,
密码改了三次都提示格式不对，到底要几个字符？,账号,synth,
密码改了三次都提示格式不对，还顺带把我会员等级从黄金降成白银了，这合理吗,账号|会员积分,synth,
密码明明记得，但每次输对都提示“密码错误”，还连带收不到支付验证码,账号|支付,synth,
封号通知说涉嫌刷单，但我就是想查下物流信息，这也能封？,账号|物流,synth,
差评写了“注册收不到验证码”,账号|评价,synth,
忘记密码了，邮箱也换过收不到重置链接，现在登不上去还影响我退换货！,账号|退换货,synth,
我封号期间，系统自动把我积分兑换了免邮券，现在解封了这券还有效吗？,账号|会员积分|优惠活动,synth,
我封号申诉通过了，但会员等级掉了一级，成长值也清零了，能恢复吗？,账号|会员积分,synth,
我封号解封了，但会员积分比封号前少了500，这正常吗？,账号|会员积分,synth,
我用家人手机号注册的，现在想改成自己实名，但会员等级会重置吗？,账号|会员积分,synth,
我用家人手机号注册的，现在想改绑成自己的，但改绑页面打不开，连发票抬头都填不了！,账号|发票,synth,
我用微信一键登录，结果跳转失败，再试又说我已注册，这跟我的积分兑换记录丢失有关吗,账号|会员积分,synth,
我登不上账号，但积分还在APP首页显示，怎么回事？,账号|会员积分,synth,
我登不进账号，但APP消息中心一直推送“您的会员等级即将升级”，糊弄谁呢,账号|会员积分,synth,
我登着登着就自动退出，再登录发现等级掉了两级，成长值也少了，是不是被黑了,账号|会员积分,synth,
我登着账号，但客服说查不到我的会员等级，后台和前端显示不一致？,账号|会员积分,synth,
我老婆用她账号下单，但我用我支付宝扫的码，这单算谁的？,账号|订单修改,synth,
我被封号了，但我的会员积分还没兑换，能解封后恢复吗？,账号|会员积分,synth,
我账号被封了，但会员积分快到期了，能先把积分转到另一个号再解封吗,账号|会员积分,synth,
我账号被封禁了，但订单还没发货，能先解封把货发出来吗,账号|订单修改,synth,
注册完立刻登录，提示“账号异常”，同时刚领的50元新人券也显示无效了,账号|优惠活动,synth,
注册完立刻试登录，提示“账号审核中”，但会员等级却显示Lv1，矛盾啊,账号|会员积分,synth,
注册时勾选了“同步通讯录”，现在通讯录好友全变成我的会员推荐人了？,账号|会员积分,synth,
注册时勾选了“接收营销短信”，现在登不上账号，退订入口也打不开,账号|其他,synth,
注册时勾选了同意协议，结果现在没法修改收货地址，是不是账号权限没开？,账号|订单修改,synth,
注册时填的性别错了，现在会员等级里的专属权益不匹配，能改吗？,账号|会员积分,synth,
注册时填的邮箱写错了，现在收不到验证邮件，也登不进去，这咋办,账号,synth,
注册时误点了游客模式，现在想转正会员但积分规则看不了,账号|会员积分,synth,
注册时误点了游客模式，现在想转正式账号，但会员积分历史记录找不到了！,账号|会员积分,synth,
注册时误点了游客模式，现在想转正式账号，但历史订单和优惠券都找不到了,账号|订单修改|优惠活动,synth,
注册时误选了“企业用户”，现在想改个人，但会员等级权益全变了,账号|会员积分,synth,
注册时选错了性别，现在会员权益显示不全，能改资料吗？改完会影响已有的积分吗,账号|会员积分,synth,
注册时选错了性别，现在会员等级权益全乱了，能同步改账号信息和会员资料吗？,账号|会员积分,synth,
注册页面一直加载不出来，而且首页推荐的商品全变成陌生品类了，是账号出问题了吗,账号|商品信息,synth,
用家人手机号注册的，现在想换成自己的，但实名认证和会员等级都跟着变不了,账号|会员积分,synth,
用小号注册抢到限量款，结果被系统判定为多账号封禁，主号积分也被清了,账号|会员积分,synth,
用小号注册的，结果大号的会员等级和积分全没了，这算账号合并失败吗,账号|会员积分,synth,
用苹果ID登录后，会员等级显示为“未认证”，但实名信息明明填过了,账号|会员积分,synth,
登录后所有地址都消失了，重新填完还提示“地址保存失败”,账号|订单修改,synth,
登录后所有收藏夹空了，历史订单也找不着，是不是封号导致数据清空了？,账号|其他,synth,
登录后显示“账号异常”，但购物车里有刚加的货，现在想取消订单都点不了！,账号|订单修改,synth,
登录失败还顺带扣了我10积分，这合理吗？,账号|会员积分,synth,
登录总是跳转回首页，试了五次，期间还错过了价保申请时间！,账号|价保,synth,
登录提示“设备异常”，但我就是用常用手机登的，而且订单修改功能也点不了！,账号|订单修改,synth,
登录界面卡住不动，刷新后又说会话过期，这跟我的会员等级降级有关系吗,账号|会员积分,synth,
登录界面卡在加载，刷新十几次都不行，而且之前收藏的商品全不见了,账号|商品信息,synth,
登录老是闪退，重启APP也不行，而且昨天下的单今天看不到了，是不是账号出问题了,账号|订单修改,synth,
账号被封了但订单还在进行中，这单还能发货吗,账号|物流,synth,
账号被封了但订单还没签收，物流信息也不更新了，这算物流问题还是账号问题,账号|物流,synth,
账号被封了但订单里还有个待发货的，能先解封让我把货退了吗？,账号|退换货,synth,
账号被封了，但我的积分兑换订单物流还在更新，这单算谁的？,账号|订单修改,synth,
账号被封了，但我的积分兑换记录还在，能导出备份吗？,账号|会员积分,synth,
账号被封了，但我的积分抽奖记录还在，中奖的实物券能联系客服兑现吗？,账号|会员积分,synth,
账号被封导致无法查看发票申请记录，电子发票还能开吗？,账号|发票,synth,
账号被封提示“刷单嫌疑”，可我连支付都没完成过，纯注册浏览用户,账号,synth,
账号被封期间，我朋友帮我充了100积分，解封后这积分到账了吗？,账号|会员积分,synth,
账号被盗了，别人用我号下了单，还能追回订单并解封账号吗,账号|订单修改,synth,
账号被盗了，我改完密码发现优惠券全没了，这跟账号安全有关吗？,账号|优惠活动,synth,
账号被盗了，里面积分全没了，能恢复积分吗？顺便帮我查下是谁登录的,账号|会员积分,synth,
账号被风控了，说交易异常，可我连一笔订单都没下过，纯注册用户啊,账号,synth,
MH-W40 饮水机坏了，保修多长时间，怎么寄修,质量问题|保修维修,pool,
下单时没注意看详情页，说含羊毛结果一点羊毛味都没有，虚假宣传能退吗？,质量问题|退换货,synth,
买了个电饭煲，内胆涂层大面积脱落，这算三包里的性能故障吗？,质量问题|保修维修,synth,
买了个蓝牙音箱，右声道没声音，但盒子拆了两天了，还能修吗？,质量问题|保修维修,synth,
买了浅粉色口红，色号#03和详情页图片完全不一样，色差太大想退！,质量问题|退换货,synth,
买回来一周就漏油，这算三包范围吗？能修还是直接换新？,质量问题|保修维修,synth,
买回来三天就黑屏，这算三包范围吗？,质量问题|保修维修,synth,
买的保温杯杯盖内圈橡胶圈脱落，拧不严实,质量问题|保修维修,synth,
买的保温杯漏热水，倒水就从底座渗出来，这算质量问题能退吗,质量问题|退换货,synth,
买的剃须刀充一晚电只够用两次，电池衰减这么快算三包范围吗？修还是换？,质量问题|保修维修,synth,
买的台灯开关失灵，灯罩还有划痕，是修灯还是退换？,质量问题|退换货|保修维修,synth,
买的咖啡机蒸汽杆不出汽，水箱还漏水，两个问题一起，是分别报修还是填一个单？,质量问题|保修维修,synth,
买的录音笔录不了音，内存显示满但实际没存文件，是硬件坏了吗？保修怎么走？,质量问题|保修维修,synth,
买的扫地机器人跑着跑着就自动关机，是不是该修？,质量问题|保修维修,synth,
买的投影仪散热风扇噪音特别大，影响使用，保修期内能免费换主板吗？,质量问题|保修维修,synth,
买的投影仪灯泡三个月就暗了，说明书写灯泡属耗材不保，可这寿命也太短了吧？能修或换吗？,质量问题|保修维修,synth,
买的投影仪画面发黄，客服让先做自检，我不会操作，能远程指导修吗？,质量问题|保修维修,synth,
买的无线耳机单耳断连频繁，充电仓合盖后指示灯不灭，是耳机还是仓的问题？保修怎么分？,质量问题|保修维修,synth,
买的无线键盘连接不稳定，空格键经常失灵，接收器插USB-C转接头就没信号，是兼容问题还是故障？,质量问题|保修维修,synth,
买的是加厚款袜子，结果薄得透光还破了个洞，这怎么算,质量问题|退换货,synth,
买的是定制款，不支持无理由，但做工歪斜，这种质量问题退货运费谁出？,质量问题|退换货|运费,synth,
买的智能体重体脂秤脂肪率显示负数，身高输入正确，APP同步失败，能重置校准吗？,质量问题|保修维修,synth,
买的智能体重秤单位切换失灵，kg/lb键按了没反应，LCD屏还有残影，能刷固件吗？,质量问题|保修维修,synth,
买的智能台灯底座倾斜，调节旋钮卡死，灯光还频闪，能一边校正一边维修吗？,质量问题|保修维修,synth,
买的智能台灯调光失灵，触摸区域无响应，灯体还轻微晃动，能加固+维修一起办吗？,质量问题|保修维修,synth,
买的智能手表表带断裂，表盘还黑屏，两个问题一起修吗？,质量问题|保修维修,synth,
买的智能插座插拔几次后接触不良，开关失灵，但包装盒上印的保修期是两年，现在才三个月，怎么申请维修？,质量问题|保修维修,synth,
买的智能晾衣架升降异响，钢丝绳跳槽，遥控器按键粘连，三个问题能一次返厂吗？,质量问题|保修维修,synth,
买的智能晾衣架遥控失灵，手动拉升费劲，钢丝绳还毛边，是修电机还是换整套？,质量问题|保修维修,synth,
买的智能空气净化器滤芯更换提醒常亮，但实际未到期，PM2.5数值也跳变，传感器坏了？,质量问题|保修维修,synth,
买的智能血压计测量值忽高忽低，误差超15mmHg，说明书说质保两年，能换新吗？,质量问题|退换货|保修维修,synth,
买的智能门铃红外夜视模糊，白天画面也泛白，APP提示“镜头污染”，但擦了没用，要修吗？,质量问题|保修维修,synth,
买的智能门锁应急供电口接触不良，9V电池插入后无反应，指纹识别也变慢，一起修吗？,质量问题|保修维修,synth,
买的智能门锁指纹识别不了，APP也连不上，保修期三个月过了十天，还能修吗？,质量问题|保修维修,synth,
买的智能音箱语音识别率低，方言完全不识别，固件更新后更差，能降级回退吗？,质量问题|保修维修,synth,
买的智能鱼缸过滤器水流变小，水泵还嗡嗡异响，滤材未堵塞，是电机故障要修吗？,质量问题|保修维修,synth,
买的榨汁机刀片转着转着就卡死，还发出异响，这算严重故障能退吗？,质量问题|退换货,synth,
买的电动剃须刀刀网松动，启动后震动异常，噪音比新品大很多，保修怎么走？,质量问题|保修维修,synth,
买的电动剃须刀清洗中心不工作，刀头干燥后发霉，说明书说“自动清洁”，能修基站吗？,质量问题|保修维修,synth,
买的电动吸尘器吸力骤降，滤网清洁后依旧无力，电机声音沉闷，保修期内怎么检测？,质量问题|保修维修,synth,
买的电动打蛋器齿轮打滑，搅拌时剧烈抖动，保修卡背面写着“人为损坏不保”，这算吗？,质量问题|保修维修,synth,
买的电动指甲刀刀片钝化极快，充一次电磨三次就报废，标称寿命300次，能换刀头吗？,质量问题|保修维修,synth,
买的电动牙刷充一次电只能用一天，明显续航异常，保修能检测吗？还是算性能不符？,质量问题|保修维修,synth,
买的电动窗帘电机噪音巨大，拉到一半就停，遥控也没反应，保修期还剩一个月，能修吗？,质量问题|保修维修,synth,
买的电动螺丝刀扭矩档位错乱，标10N·m实测仅3N·m，校准工具没配，能返厂调校吗？,质量问题|保修维修,synth,
买的电压力锅排气阀锈蚀卡死，开盖时蒸汽喷射失控，这算安全隐患能三包退换吗？,质量问题|退换货|保修维修,synth,
买的电压力锅泄压阀漏气，烹饪中途喷蒸汽，这有安全风险能直接换新吗？,质量问题|退换货,synth,
买的电吹风冷热风档位混乱，冷风档出热风，热风档没反应，保修怎么申请？,质量问题|保修维修,synth,
买的电子体温枪测温偏差超±0.5℃，多次校准无效，说明书承诺精度±0.2℃，能退吗？,质量问题|退换货,synth,
买的电子秤称重偏差200克，开机还闪屏，这算计量失准能换新吗？,质量问题|退换货,synth,
买的电子血压计袖带充气不足，数值始终偏低，重新校准无效，能换袖带或主机吗？,质量问题|退换货,synth,
买的电子记事本笔尖书写断触，充电10分钟只用2小时，电池续航虚标能换吗？,质量问题|退换货,synth,
买的电子记事本触控延迟严重，笔迹断续，充电时屏幕频闪，保修期内支持换新吗？,质量问题|保修维修,synth,
买的电火锅加热盘发红但不升温，外壳还烫手，这算重大安全隐患能退吗？,质量问题|退换货,synth,
买的电炖盅预约功能失效，定时时间一到就断电，内胆还有刮痕，能一起处理吗？,质量问题|退换货,synth,
买的电炖锅预约时间到了不启动，保温灯也不亮，电源线接口处有烧焦味，能退吗？,质量问题|退换货,synth,
买的电烤箱烘烤不均，食物半边焦黑半边生，温控探头位置疑似偏移，能调整校准吗？,质量问题|保修维修,synth,
买的电热暖手宝表面烫伤皮肤，内部温度传感器失效，包装未拆封能直接换新吗？,质量问题|退换货,synth,
买的电热毯控制器按键失灵，定时功能归零，但加热丝仍工作，有短路隐患能换吗？,质量问题|退换货,synth,
买的电热毯通电后局部过热，摸着发烫吓人，能立即退换还是必须先检测？,质量问题|退换货,synth,
买的电陶炉通电无反应，保险丝完好，电源线测有电，是主控板故障要修吗？,质量问题|保修维修,synth,
买的电陶炉面板出现裂纹，通电后裂纹处微红发光，这有起火风险能立即换新吗？,质量问题|退换货,synth,
买的电饭煲预约功能失效，内胆涂层还刮花了，一个是功能故障一个是外观瑕疵，保修管哪个？,质量问题|保修维修,synth,
买的空气炸锅炸东西时冒火花，吓得我赶紧拔电，这算严重质量问题能直接退吗？,质量问题|退换货,synth,
买的运动袜脚趾处直接磨破洞了，才穿两次啊，能退吗,质量问题|退换货,synth,
买的黑色卫衣，收到发现偏灰蓝，色差这么大正常吗？能退吗？,质量问题|退换货,synth,
充电宝充不进电，客服让走保修，但我想要直接退掉行不行？,质量问题|退换货|保修维修,synth,
充电宝鼓包了不敢用了，这算安全隐患能走三包退换吗？,质量问题|退换货|保修维修,synth,
充电线插头金属片歪斜变形，插手机根本接触不上，包装里也没备用线,质量问题|退换货,synth,
充电线用了一个月就断了，能免费换新吗？,质量问题|退换货,synth,
净水器滤芯装上后漏水，是修还是直接退？,质量问题|退换货|保修维修,synth,
刚拆封发现摄像头有划痕，是质量问题吧？我想修但客服说只能退，合理吗？,质量问题|保修维修|退换货,synth,
刚拆开包装发现毛衣有个破洞，这个要怎么退换啊,质量问题|退换货,synth,
刚收到毛衣就有几处线头松脱，明显是次品，必须退！,质量问题|退换货,synth,
刚收到的无线鼠标左键按了没反应，但右键正常，拆开看焊点好像虚了，这算做工问题还是保修范围？,质量问题|保修维修,synth,
刚收到的茶杯底部有裂纹，明显是运输磕坏的，能退吗？,质量问题|退换货,synth,
刚收到的蓝牙耳机充电盒打不开，卡死了，这个算质量问题还是得自己修,质量问题|保修维修,synth,
刚收到货发现包装盒上有猫抓的痕迹，这算质量问题还是物流问题啊,质量问题|物流,synth,
刚收到货发现包装盒有水渍，里面商品倒是干的，这种情况能申请补偿吗？,质量问题|退换货,synth,
刚签收就发现电饭煲内胆涂层脱落，是质量问题吧？我要修但怕修不好，能直接退吗？,质量问题|保修维修|退换货,synth,
刚签收的吸尘器吸力特别弱，滤网还漏装，是发货问题还是机器故障？要修还是退？,质量问题|保修维修|退换货,synth,
剃须刀刀头卡住转不动，说明书说保修一年，但我不想要修想换新的行不行？,质量问题|保修维修|退换货,synth,
剃须刀刀头卡死转不动，保修期内寄修要自己垫运费吗？,质量问题|保修维修|运费,synth,
加热垫会不会烧起来，有没有保护,质量问题|保修维修,pool,
吸尘器吸力变小还异响，查了说明书说是保修期内，怎么报修？,质量问题|保修维修,synth,
商品描述写纯棉，实际摸起来像涤纶，能退吗,质量问题|退换货,synth,
头戴式耳机线控失灵，插电脑没反应，客服说要寄回检测，这运费谁出？,质量问题|运费,synth,
孩子把游戏机摔了一下，开机后花屏，三包还管这种“人为摔坏”吗？,质量问题|保修维修,synth,
差评写了“衣服起球”，这算质量问题+评价双标签吧,质量问题|评价,synth,
我上周在你们喵帮平台下的订单1002，买的是冻干猫粮两公斤装，签收后发现外包装破损、猫粮颜色和气味异常，猫咪食用后拒食且精神萎靡，已留存开箱视频、照片及快递单号，现咨询该订单下优惠券的使用范围、政策依据、办理步骤、需准备材料及时限要求。,质量问题|优惠活动,pool,
我上周在喵帮平台下的订单1002买的冻干猫粮两公斤装出现外包装破损、颜色气味异常、猫咪拒食精神萎靡，已留存开箱视频、照片和快递单号，现咨询该情况下优惠券的使用范围。,质量问题|优惠活动,pool,
我上周在喵帮平台下的订单1002购买的冻干猫粮两公斤装出现外包装破损、颜色气味异常及宠物拒食问题，想了解优惠券使用范围。,质量问题|优惠活动,pool,
我上周在喵帮平台下的订单1002购买的冻干猫粮两公斤装存在外包装破损、内容物颜色气味异常及导致猫咪拒食精神萎靡等质量问题，想了解该情况下优惠券的使用范围。,质量问题|优惠活动,pool,
我上周在喵帮平台下的订单1002购买的冻干猫粮两公斤装，签收后发现外包装破损、冻干颜色和气味异常、猫拒食且精神萎靡，现咨询该订单下优惠券的使用范围、政策依据、办理步骤、所需材料及处理时限。,质量问题|优惠活动,pool,
我买的是套装，其中一个小家电坏了，但其他配件也疑似有问题，能一并检测维修吗？,质量问题|保修维修,synth,
我昨天收到货发现衣服破了个洞，能退吗？,质量问题|退换货,synth,
我的耳机充不进电了，能保修吗？,质量问题|保修维修,synth,
我的耳机充不进电了，能修吗？,质量问题|保修维修,synth,
手环表带断裂，但买的时候没选延保，还能修吗？,质量问题|保修维修,synth,
手表表带断裂，但买的时候没开保修卡，还能修吗？,质量问题|保修维修,synth,
拆开发现数据线外皮有裂口，铜线都露出来了，太吓人了,质量问题,synth,
拆开发现电动剃须刀刀网有豁口，刮胡子拉疼,质量问题,synth,
按摩椅按两分钟就自动停机，散热风扇也不转，这属于三包里的“主要部件”故障吗？,质量问题|保修维修,synth,
收到的保温杯内胆有划痕还掉漆，这算瑕疵吗？要退,质量问题|退换货,synth,
收到的杯子有裂纹，还能退吗,质量问题|退换货,synth,
收到的陶瓷碗边沿全是小缺口，看着像次品，要怎么处理,质量问题|退换货,synth,
新买的加湿器不出雾，水箱结满水垢，是机器问题还是水质问题？需要修吗？,质量问题|保修维修,synth,
新买的投影仪画面发黄有重影，客服说是灯泡问题，灯泡在保修范围内吗？修完还要重新校准吗？,质量问题|保修维修,synth,
新买的电动牙刷漏电，这属于保修还是质量问题？,质量问题|保修维修,synth,
新买的空气炸锅按键失灵，但订单里没开电子发票，影响保修吗？,质量问题|发票|保修维修,synth,
新拆的电动剃须刀刀头固定卡簧缺失，刀网晃动,质量问题,synth,
新拆的电动牙刷充电底座接触点氧化发黑,质量问题,synth,
新拆的电动牙刷刷头接口处有毛边，插拔困难,质量问题,synth,
新拆的蓝牙键盘空格键回弹无力，按键缝隙里有异物,质量问题,synth,
昨天刚签收就发现耳机左耳没声音，是质量问题还是得自己寄去修,质量问题|保修维修,synth,
显示器开机无信号，查了不是线的问题，能安排检测吗？,质量问题|保修维修,synth,
智能门锁指纹识别失灵，但安装时师傅说不归厂家保修，是真的吗？,质量问题|保修维修,synth,
毛衣洗一次缩水严重，是不是本来尺码就偏小啊,质量问题|尺码,synth,
毛衣洗后缩水到穿不上，是不是尺码本来就不准，能退吗,质量问题|退换货,synth,
电烤箱温控不准，实测比设定高50度，烤糊好几次了，能修吗？修不好能退吗？,质量问题|保修维修|退换货,synth,
电热毯加热不均匀，一边烫一边凉，说明书说“整机保修三年”，但客服让我先拍照，拍什么部位？修之前能先寄个备用的吗？,质量问题|保修维修,synth,
电脑键盘按键失灵，寄修要我自己出运费吗？,质量问题|保修维修|运费,synth,
电饭煲内胆涂层大面积脱落，煮饭都粘锅了，能退吗,质量问题|退换货,synth,
电饭煲煮饭糊底还冒烟，这明显是质量问题，能修吗？修不好能退吗？,质量问题|保修维修|退换货,synth,
睡衣领口线头一大堆，拉扯一下就脱线，这种瑕疵能退不？,质量问题|退换货,synth,
睡裙面料薄得透光，跟页面图完全不符，这算描述不符吧？要退！,质量问题|退换货,synth,
积分兑换的礼品包装破损能换吗,质量问题|退换货,synth,
空气净化器滤芯装上后一直报警，APP提示传感器故障，保修期内能远程指导修吗？,质量问题|保修维修,synth,
空气炸锅定时功能失效，面板按键也卡顿，这是主板问题吧？保修怎么走？,质量问题|保修维修,synth,
空调遥控器失灵，客服说不在三包范围，可它才用了一个月！,质量问题|保修维修,synth,
羽绒服充绒量明显不够，掂着轻飘飘的，这算质量问题还是可以退？,质量问题|退换货,synth,
耳机充不了电，联系客服说要寄修，但我嫌麻烦想直接退，怎么操作？,质量问题|退换货|保修维修,synth,
耳机充电仓盖子松动，算质量问题能退吗,质量问题|退换货,synth,
耳机左耳没声音，右耳正常，保修期内怎么申请售后？,质量问题|保修维修,synth,
耳机左耳没声音，寄回去修要我自己出运费吗？,质量问题|保修维修|运费,synth,
耳机盒合不严实，还有一边掉漆严重，影响使用想换货,质量问题|退换货,synth,
耳机盒盖子合不上，磁吸完全失效，盒子边角还有磕碰凹痕，要修还是换？,质量问题|保修维修|退换货,synth,
衣服有线头还脱线，明显做工问题，必须退,质量问题|退换货,synth,
衣服有霉斑，明显仓储问题，退货连运费一起赔吧？,质量问题|退换货|运费,synth,
衣服标签写着100%羊毛，检测只有60%，能退一赔三吗,质量问题|退换货,synth,
衣服洗一次就严重掉色，还褪成两块色，能退吗？,质量问题|退换货,synth,
衣服洗一次就掉色严重，这算质量问题吧？能退不？,质量问题|退换货,synth,
衣服洗一次就褪色严重，明显是质量问题，要求退货退款！,质量问题|退换货,synth,
衣服洗一次就起球，属于质量问题吧？退货的话运费怎么算？,质量问题|退换货|运费,synth,
衣服洗后严重褪色，客服说不算质量问题，那我能以无理由退吗？退货运费谁出？,质量问题|退换货|运费,synth,
衣服洗过一次发现起球严重，属于质量问题要退，退货运费怎么算？,质量问题|退换货|运费,synth,
衣服肩线不对称，明显裁剪失误，属于质量问题吧？退货运费全赔。,质量问题|退换货|运费,synth,
衣服肩线歪了，明显是次品，退还是换,质量问题|退换货,synth,
衣服袖口脱线，明显做工问题，退货不仅退全款还得赔运费吧？,质量问题|退换货|运费,synth,
衣服领口缝线全开，明显出厂缺陷，退货不仅要退款还得赔来回运费！,质量问题|退换货|运费,synth,
衣服领子歪得厉害，明显是缝制问题，怎么处理,质量问题|退换货,synth,
裤子后腰处线头全散开了，还漏出内衬，能换一件新的不,质量问题|退换货,synth,
运动鞋鞋底标的是EVA材质，踩上去特别硬，和描述“轻弹缓震”对不上啊！,质量问题|商品信息,synth,
这个儿童积木边角毛刺太多，划手，安全质量堪忧，能退吗,质量问题|退换货,synth,
这个折叠椅展开后两条腿高度不一致，坐上去左右晃，焊点还发黑,质量问题,synth,
这个毛绒玩具眼睛缝歪了还少一颗，做工太马虎，能退吗,质量问题|退换货,synth,
这个电动牙刷充一次电只用半天，明显续航异常，保修能查原因吗？,质量问题|保修维修,synth,
这个空气炸锅加热不均匀，还冒白烟，是严重质量问题吧？修完还给重新计算保修期吗？,质量问题|保修维修,synth,
这个蓝牙音箱连不上手机，试了所有办法，是硬件故障吗？能走保修吗？,质量问题|保修维修,synth,
这个键盘空格键卡死，按键缝隙里还有毛刺，能保修吗,质量问题|保修维修,synth,
这个陶瓷碗底部有个明显小坑，还说是正品？,质量问题,synth,
追评说耳机左耳没声音，现在要走保修，但评价里写的是“质量差”，能改成更准确的描述吗,质量问题|保修维修,synth,
追评里提到商品有瑕疵，现在要申请退货，评价能同步删掉吗,质量问题|退换货|评价,synth,
鞋子穿了一次就开胶了，这算质量问题吧，我要退货！,质量问题|退换货,synth,
一单要满多少包邮，不满的话运费多少，偏远地区又是多少,运费|物流,pool,
下单后改过一次收货地址，第二次改地址时运费突然多了3块，能解释下吗？,运费|订单修改,synth,
下单时勾了“运费险”，但订单详情里没显示，这算生效了吗？,运费|订单修改,synth,
下单时勾选了运费险，但退货时说不支持理赔，怎么回事？,运费|退换货,synth,
下单时勾选了运费险，结果退货页面没看到理赔入口，咋操作？,运费|退换货,synth,
下单时显示满99包邮，为啥结账又收了8块钱运费？,运费|优惠活动,synth,
下单时页面弹窗说“开通运费险立减2元”，但我没点，算赠送吗？,运费|优惠活动,synth,
下单时页面有“运费险0.5元”按钮，我没点，算默认不投保？,运费|订单修改,synth,
买三件打八折但不包邮，运费按原价收还是按折后价算？,运费|优惠活动,synth,
买的时候页面说包邮，现在退货还要我自己出运费？,运费|退换货,synth,
你们有没有退货运费险，谁来买,运费|退换货,pool,
偏远地区能不能用免邮寄,运费|物流,pool,
商品页面写“赠运费险”，可订单里没体现，是没送成功吗？,运费|订单修改,synth,
商品页面说包邮，退货是不是也包邮,运费|退换货,synth,
快递把两个订单合并一个包裹发，但只收了一次运费，另一个订单运费能退吗？,运费|物流,synth,
新疆发货会不会被加收运费啊,运费|物流,pool,
满199包邮，我买198.5，凑了5毛钱袜子，结果袜子单独发货还收运费？,运费|优惠活动,synth,
满多少钱包邮，不满怎么收运费,运费|物流,pool,
积分能抵扣运费险费用吗,运费|会员积分,synth,
积分能用来支付退货运费吗,运费|会员积分,synth,
订单显示“满88包邮”，可我付完款还是扣了运费，是不是系统bug？,运费|优惠活动,synth,
订单里没看到运费险选项，是默认不送还是我漏选了？,运费|订单修改,synth,
说好全场包邮，为什么母婴类目单独收运费？,运费|优惠活动,synth,
说好全场包邮，结果结算页又跳出“偏远地区加收15元”，这算不算虚假宣传？,运费|价保,synth,
说好包邮结果收了12块，客服解释是偏远地区附加费，这合法吗？,运费|价保,synth,
说好包邮结果收货时快递员让我交10块，这合理吗？,运费|物流,synth,
说好包邮结果结账多收了8块钱运费，这钱能退吗？,运费|退换货,synth,
说好学生认证享包邮，我认证了但订单没识别，能补运费吗？,运费|优惠活动,synth,
说好赠运费险，但理赔时说“未检测到投保记录”，是系统没同步？,运费|物流,synth,
说好跨境商品包税包邮，结果海关代缴了税，运费还另收，这算包邮？,运费|物流,synth,
运费险保额只有8块，我寄顺丰花了15，差的7块能补吗？,运费|价保,synth,
运费险是自动生效的吗？我手机壳有划痕要退，运费险能赔多少？,运费|退换货|质量问题,synth,
运费险理赔要上传什么材料？快递单照片够吗？,运费|退换货,synth,
追评里提了退货运费谁出，算运费+评价双标签吧,运费|评价,synth,
退货运费险只赔8元，但实际花了12元，差额谁付,运费|退换货,synth,
退货运费险只赔首重，超重部分要我自己掏钱？合理吗？,运费|退换货,synth,
那个邮费到底要给多少钱啊,运费,pool,
七天无理由退货，但快递员说要先垫付12块运费，这合理吗？,退换货|运费,synth,
下单时选错颜色了想换，但新发来的这件纽扣都掉了两颗，质量太差,退换货|质量问题,synth,
下单时选错颜色了，现在又发现耳机左耳没声音，我想直接退掉行不行？,退换货|质量问题,synth,
买了三件不同尺码试穿，其中两件要退，退货运单已打，但物流迟迟不揽收，能联系快递上门取件吗？,退换货|物流,synth,
买了两双袜子，其中一双少了一只，这种缺件能退整单吗？,退换货|质量问题,synth,
买了双拖鞋尺码不合适要退，可想换的同款黑S码也断货，补货和退换货能同步安排吗？,退换货|库存补货,synth,
买多了想退两件，但快递刚发出，能中途拦截退回吗？,退换货|物流,synth,
买多了想退两件，退完能让我把原评价改成“已退货，剩余商品满意”的追评吗？,退换货|评价,synth,
买大了想换小号，但客服说换货要我自己承担来回运费？,退换货|运费,synth,
买大了想换，但客服说换货要收15元服务费，还另收新货运费？,退换货|运费,synth,
买大了想退，但刚付完款，能原路退回花呗吗？,退换货|支付,synth,
买大了想退，但发现38码也缺货了，这咋办？,退换货|库存补货,synth,
买大了想退，但怕退货运费比衣服还贵，能安排上门取件吗？,退换货|运费|物流,synth,
买大了想退，但订单里没看到运费险入口，怎么补？,退换货|运费,synth,
买大了想退，但退款一直没到账，是支付通道卡住了还是你们没处理？,退换货|支付,synth,
买大了想退，但退款申请提交三天了，原路退回的金额还没到支付宝余额，是不是支付通道出问题了？,退换货|支付,synth,
买大了想退，衣服穿着不合适尺码太大了,退换货|尺码,synth,
买大了想退，运费谁承担？,退换货|运费,synth,
买大了想退，顺便帮我把地址改成新家的,退换货|订单修改,synth,
买大了想退，顺便问下换货要等多久？,退换货|物流,synth,
买小了想换大一号，退回来的运费算我的还是你们的？,退换货|运费,synth,
买小了想换大号，但换货前发现衣服袖口开线了，能先修再换吗？,退换货|保修维修|质量问题,synth,
买小了想换码，但新拆的这件T恤下摆缝线直接断了三针，能一起处理吗,退换货|质量问题,synth,
买小了想换码，但新收到的这件领口还有抽丝，两个问题一起处理行吗,退换货|质量问题,synth,
买小了想换货，但系统提示“仅支持原路退款”，我当初是用美团月付付的，现在退款到账慢是不是支付渠道的问题？,退换货|支付,synth,
买小了想换，但客服说换货需自行承担寄回运费，新货也不包邮？,退换货|运费,synth,
买小了要换货，但已经给好评了能同步改评价吗,退换货|评价,synth,
买小了要退货，顺便把刚发的好评也删了吧，别影响别人下单,退换货|评价,synth,
买的是特价清仓款，还能退吗,退换货|优惠活动,synth,
买的是跨境商品，退货要交进口税+运费，这部分你们承担吗？,退换货|运费,synth,
买的是预售款，发货延迟一周，现在不想等了要退，多等这几天产生的退货运费谁承担？,退换货|物流|运费,synth,
买的是预售款，等了一个月才发货，结果到手就开线，能退吗？,退换货|质量问题,synth,
买错了尺码想退，但商品页没写清脚长对应表，客服能给个选码参考吗？,退换货|尺码|商品信息,synth,
买错了尺码要退，但商品还没到，能等签收后直接退，不用再寄回吗？,退换货|物流,synth,
买错了要退货，但物流显示还没发货，能直接取消订单吗？,退换货|订单修改,synth,
买错了颜色想换，但不确定新选的“薄荷绿”和图上是不是一致，能发实拍图吗？,退换货|商品信息,synth,
买错了颜色想换，但系统提示“仅支持7天无理由退货”，那退货退款是走原支付路径还是统一退支付宝？,退换货|支付,synth,
买错了颜色想换，但货已在路上，能让快递员现场验货后直接带回吗？,退换货|物流,synth,
买错颜色了想换，但客服说要自己付退货运费，合理吗？,退换货|运费,synth,
买错颜色想换货，顺便把我刚写的差评改成中评可以吗？,退换货|评价,synth,
买错颜色要换货，但客服说得先退货再重新下单，那原订单的退款什么时候原路返回？,退换货|支付,synth,
刚收到发现吊牌剪了但没穿，想七天无理由退，运费险能用吗？,退换货|运费,synth,
刚收到货发现做工有问题，要退换货，但发票还没开，能等退换完再开新发票吗？,退换货|发票|质量问题,synth,
刚收到货发现发错颜色了，退货运费你们承担吗？,退换货|运费,synth,
同事代收签收了但我根本没授权，现在拒收退货，这算无理由退吗？退货运费谁出？,退换货|运费,synth,
孩子把玩具弄坏了，还能退吗？,退换货|质量问题,synth,
孩子把鞋盒弄坏了，里面鞋子完好，这样还能退吗？,退换货|质量问题,synth,
想换货（尺码选小了）+问下原尺码什么时候补货？,退换货|尺码|库存补货,synth,
想退掉之前买的XL码（买大了），顺便问下L码什么时候补货？,退换货|库存补货,synth,
想退掉买大了的T恤，但想换的M码也缺货，补货和退换货一起处理行吗？,退换货|库存补货,synth,
想退货但发现同款只剩一个断码在售，补货和库存策略能说明下吗？,退换货|库存补货,synth,
想退，但不确定这个围巾是不是真羊绒，吊牌没写清楚，能查下质检报告吗？,退换货|商品信息,synth,
想退，但先确认下：杯身是304不锈钢还是316的？要是304我就留着用了…,退换货|商品信息,synth,
我买错尺码想退货，但登录不上账号，订单找不到了,退换货|账号,synth,
我按客服给的地址寄回，但快递拒收说地址错误，产生的往返运费谁负责？,退换货|运费,synth,
我昨天收到货发现衣服有破洞，能退吗？,退换货|质量问题,synth,
我申请换货，新衣服发过来要收运费吗？旧衣服寄回也得我出钱？,退换货|运费,synth,
我申请退货后运费险没赔，是不是没买上？,退换货|运费,synth,
我退货寄出两天了，物流停滞不动，能帮忙联系快递查下吗,退换货|物流,synth,
我退货运单号填错了，现在物流显示已签收但实际没收到，能重寄吗,退换货|物流,synth,
我退货重拍，原来的满减名额还能保留吗,退换货|优惠活动,synth,
我选错尺码想换货，之前用的券还能退回来吗,退换货|优惠活动,synth,
换货后新订单的物流单号在哪看,退换货|物流,synth,
换货怎么走流程，有几天时限，来回运费谁付,退换货|运费,pool,
换货新货发错颜色，让我再寄回，这第二次退货运费谁承担？,退换货|运费,synth,
换货时发现目标尺码缺货，补货和尺码建议更新能同步做吗？,退换货|库存补货|尺码,synth,
换货时客服给的退货地址和订单里不一致，寄错产生的运费谁担？,退换货|运费,synth,
换货时旧货还没寄回，新货能先发吗,退换货|物流,synth,
换货时能升级成同款高配版吗（需补差价）,退换货|优惠活动,synth,
换货时能指定发顺丰吗,退换货|物流,synth,
换货申请写了要41码，结果41一直缺货，补货和退换货进度能共享吗？,退换货|库存补货,synth,
换货申请提交了，但客服说要等补货才有货发，补货和退换货流程能优化下吗？,退换货|库存补货,synth,
换货申请被驳回说“非质量问题不支持”，可我根本没穿过,退换货|质量问题,synth,
换货申请里能备注要发圆通吗,退换货|物流,synth,
换货的新品会不会也是瑕疵品啊,退换货|质量问题,synth,
换货的新品发货前能检查下质量吗,退换货|质量问题,synth,
换货的话新衣服什么时候发呀,退换货|物流,synth,
换货的运费是不是要我先垫付,退换货|运费,synth,
换货要寄回去核验多久，处理时限是几天,退换货,pool,
换货要我自己付来回运费吗？裤子腰围不合适想换同款M码,退换货|运费|尺码,synth,
收到的杯子和详情页图片完全不一样，颜色深很多，这算描述不符能退吗,退换货|商品信息,synth,
用京东E卡付的款，现在要退货，退款能原路退到E卡里吗？还是只能退银行卡？,退换货|支付,synth,
用券买的商品坏了要退，券是原路退回还是作废,退换货|优惠活动,synth,
用券买的，退换货后新订单还能用原券吗,退换货|优惠活动,synth,
用花呗分期付款后突然想退货，退款是退到花呗额度里还是原路退回？,退换货|支付,synth,
积分兑换的实体商品尺寸不合适能退吗,退换货|会员积分,synth,
衣服买大了要换小号，换货时能补差价吗,退换货|价保,synth,
衣服吊牌还在但洗过一次，有点起球，这种情况支持退货吗？,退换货|质量问题,synth,
衣服标签没剪但试穿了一次，这种能无理由退货吗？,退换货|尺码,synth,
衣服水洗标写着不可水洗，但我手洗了，还能退吗,退换货|质量问题,synth,
衣服洗一次就缩水了要退货，这个退货运费你们报销不？,退换货|运费,synth,
衣服洗一次就缩水，要退货的话退货运费你们承担吗？,退换货|运费|质量问题,synth,
衣服穿了一次觉得不合适，能退吗,退换货|尺码,synth,
衣服起球了要退，但客服说质量问题得走保修，那退货运费算谁的？,退换货|质量问题|运费,synth,
订单里有三件衣服，其中一件尺码不对想换，另外两件颜色不喜欢想退，怎么操作最方便？,退换货|尺码,synth,
说好支持7天无理由，但退货要我出运费，这不是变相不支持吗？,退换货|运费,synth,
说好退换货包邮，结果我寄回去你们只返5元，实际花了12块，差的7块不补？,退换货|运费,synth,
这个挂件说补货要等15天，但我买大了想退，能先给我个补货确定时间吗？,退换货|库存补货,synth,
追评说衣服缩水了，现在要走退换货流程，评价会影响退款吗,退换货|评价,synth,
退换货政策怎样,退换货,pool,
退换货政策是怎样的,退换货,pool,
退换货期间补货了，能自动把新订单关联到原退换流程里吗？,退换货|库存补货,synth,
退款审核通过后多久能到账，退到哪里,退换货|支付,pool,
退货之后能不能额外补偿我一些积分,退换货|会员积分,pool,
退货后原发票怎么处理？新订单重开的发票能和退货运单号关联上吗？,退换货|发票,synth,
退货后原来的优惠券会失效吗,退换货|优惠活动,synth,
退货地址和下单地址不一样，多出来的运费能报吗？,退换货|运费,synth,
退货寄出后物流一直没更新，超时了运费险还能赔吗？,退换货|物流|运费,synth,
退货寄出后物流一直没更新，钱还退吗,退换货|物流,synth,
退货寄回去的快递费能报销吗？我刚拆封发现色差太大想退,退换货|运费,synth,
退货寄回后你们说包装破损拒收，那这次运费算谁的？,退换货|运费,synth,
退货寄回后快递单丢了，运费险还能理赔吗？,退换货|运费,synth,
退货寄回后物流显示签收，但你们说没收到，二次寄回的运费谁承担？,退换货|运费,synth,
退货寄回用了闪送，运费险只赔普通快递，差价能报销吗？,退换货|运费,synth,
退货时用了菜鸟裹裹下单，运费险能覆盖平台合作价吗？,退换货|运费,synth,
退货申请提交了，但一直没看到审核通过，物流信息也没更新，到底还能不能退,退换货|物流,synth,
退货申请提交后，退款什么时候能到账？,退换货|支付,synth,
退货的运费险怎么没自动赔？,退换货|运费,synth,
退货要寄回去吗，邮费谁出,退换货|运费,pool,
退货要寄回去吗，邮费谁出,退换货|运费,pool,
退货运单号填错两位，系统能识别吗,退换货|物流,synth,
退货运单号填错了，会影响退款吗,退换货|物流,synth,
退货运费险有吗，没有的话无理由退货运费怎么算,退换货|运费,pool,
退货运费险没自动生效，是不是我操作错了？要重新申请吗？,退换货|运费,synth,
退货运费险理赔要上传什么凭证,退换货|运费,synth,
退货运费险生效了但一直没到账，能查下原因吗？,退换货|运费,synth,
退货运费险说只保首重，超重部分要我自己贴钱？,退换货|运费,synth,
退货退款后，之前开的发票怎么处理？要退回还是作废？,退换货|发票,synth,
退货选择上门取件，但一直没人联系,退换货|物流,synth,
预售定金支持无理由退吗，尾款没按时付怎么办,退换货|订单修改,pool,
