id,raw,cleaned
1,请问月球基地的喵星人会员费多少钱一个月,请问月球基地的喵星人会员费多少钱一个月
2,请问月球基地的喵星人会员费多少钱一个月,请问月球基地的喵星人会员费多少钱一个月
3,请问月球基地的喵星人会员费多少钱一个月,请问月球基地的喵星人会员费多少钱一个月
4,请问月球基地的喵星人会员费多少钱一个月,请问月球基地的喵星人会员费多少钱一个月
5,请问月球基地的喵星人会员费多少钱一个月,请问月球基地的喵星人会员费多少钱一个月
6,请问月球基地的喵星人会员费多少钱一个月,请问月球基地的喵星人会员费多少钱一个月
7,请问月球基地的喵星人会员费多少钱一个月,请问月球基地的喵星人会员费多少钱一个月
8,请问月球基地的喵星人会员费多少钱一个月,请问月球基地的喵星人会员费多少钱一个月
9,请问月球基地的喵星人会员费多少钱一个月,请问月球基地的喵星人会员费多少钱一个月
10,请问月球基地的喵星人会员费多少钱一个月,请问月球基地的喵星人会员费多少钱一个月
11,"喵金等级要年消费多少钱,有什么生日礼","喵金等级要年消费多少钱,有什么生日礼"
12,售后各类问题的首次响应时间和处理时限分别是多少,售后各类问题的首次响应时间和处理时限分别是多少
13,那个邮费到底要给多少钱啊,那个邮费到底要给多少钱啊
14,"我想开票又想申请价保,两个各要多久","我想开票又想申请价保,两个各要多久"
15,"喵金等级要年消费多少钱,有什么生日礼","喵金等级要年消费多少钱,有什么生日礼"
16,售后各类问题的首次响应时间和处理时限分别是多少,售后各类问题的首次响应时间和处理时限分别是多少
17,今儿下单能不能马上给我发货,今儿下单能不能马上给我发货
18,"我想开票又想申请价保,两个各要多久","我想开票又想申请价保,两个各要多久"
19,同一笔订单最多能申请几次同款换货,同一笔订单最多能申请几次同款换货
20,"退款审核通过后多久能到账,退到哪里","退款审核通过后多久能到账,退到哪里"
21,缺货补发的处理时限是几个工作日,缺货补发的处理时限是几个工作日
22,"商品保修期是多久,人为损坏还能保修吗","商品保修期是多久,人为损坏还能保修吗"
23,"预售定金支持无理由退吗,尾款没按时付怎么办","预售定金支持无理由退吗,尾款没按时付怎么办"
24,"发票怎么开,多久能收到","发票怎么开,多久能收到"
25,800 积分换的零食小样是包邮的吗,800 积分换的零食小样是包邮的吗
26,保修期是从下单那天算还是签收那天算,保修期是从下单那天算还是签收那天算
27,带加热模块的猫窝可以放洗衣机吗,带加热模块的猫窝可以放洗衣机吗
28,"配送范围有哪些,偏远地区运费怎么算","配送范围有哪些,偏远地区运费怎么算"
29,金卡会员在售后上有什么专属待遇,金卡会员在售后上有什么专属待遇
30,"优惠券怎么用,一单能用几张","优惠券怎么用,一单能用几张"
31,"2000 积分能兑换什么,要不要自己付运费","2000 积分能兑换什么,要不要自己付运费"
32,"能开电子专用发票吗,需要先准备什么资料","能开电子专用发票吗,需要先准备什么资料"
33,"加热垫会不会烧起来,有没有保护","加热垫会不会烧起来,有没有保护"
34,自动喂食一天最多能设几顿,自动喂食一天最多能设几顿
35,定做的东西不满意能退吗,定做的东西不满意能退吗
36,能给我开公司能抵扣的那种票不,能给我开公司能抵扣的那种票不
37,"我在新疆你们能给送不,要不要多掏钱","我在新疆你们能给送不,要不要多掏钱"
38,买够多少才不要邮费来着,买够多少才不要邮费来着
39,"能用信用卡付吗,能不能线下转账,付款失败怎么办","能用信用卡付吗,能不能线下转账,付款失败怎么办"
40,"一单要满多少包邮,不满的话运费多少,偏远地区又是多少","一单要满多少包邮,不满的话运费多少,偏远地区又是多少"
41,"加热垫能一直插着吗,过热了有保护吗,表面能洗吗","加热垫能一直插着吗,过热了有保护吗,表面能洗吗"
42,"饮水机不出水是怎么回事,水泵能拆下来洗吗","饮水机不出水是怎么回事,水泵能拆下来洗吗"
43,"摄像头版喂食器怎么配网,断电了会不会停喂","摄像头版喂食器怎么配网,断电了会不会停喂"
44,"换货怎么走流程,有几天时限,来回运费谁付","换货怎么走流程,有几天时限,来回运费谁付"
45,"已经拆封的猫砂还能退吗,不能退的话我该找谁","已经拆封的猫砂还能退吗,不能退的话我该找谁"
46,"券和满减能一起用吗,一单最多用几张,会员折扣叠不叠","券和满减能一起用吗,一单最多用几张,会员折扣叠不叠"
47,"我买的加热垫想退,已经用过一次算不算影响二次销售","我买的加热垫想退,已经用过一次算不算影响二次销售"
48,"MH-W40 饮水机坏了,保修多长时间,怎么寄修","MH-W40 饮水机坏了,保修多长时间,怎么寄修"
49,"现在缺货,补货要多久,补发的处理时限是几天","现在缺货,补货要多久,补发的处理时限是几天"
50,"我要给企业开纸质票,快递费谁付,多久能开出来","我要给企业开纸质票,快递费谁付,多久能开出来"
51,"换货要寄回去核验多久,处理时限是几天","换货要寄回去核验多久,处理时限是几天"
52,"退货运费险有吗,没有的话无理由退货运费怎么算","退货运费险有吗,没有的话无理由退货运费怎么算"
53,"客服几点上班,联系不上的时候投诉多久响应","客服几点上班,联系不上的时候投诉多久响应"
54,"积分怎么攒,攒到了又能换点什么","积分怎么攒,攒到了又能换点什么"
55,"银卡会员有什么好处,运费和售后分别有什么权益","银卡会员有什么好处,运费和售后分别有什么权益"
56,"金卡到底要花多少钱才能升,升了运费上有什么实惠","金卡到底要花多少钱才能升,升了运费上有什么实惠"
57,有没有以旧换新的活动,有没有以旧换新的活动
58,大件商品能不能预约师傅上门安装,大件商品能不能预约师傅上门安装
59,退货之后能不能额外补偿我一些积分,退货之后能不能额外补偿我一些积分
60,发货能不能指定用顺丰快递,发货能不能指定用顺丰快递
61,能不能货到付款,能不能货到付款
62,支持数字人民币支付吗,支持数字人民币支付吗
63,"你们有没有退货运费险,谁来买","你们有没有退货运费险,谁来买"
64,能不能额外购买延长保修服务,能不能额外购买延长保修服务
65,你们的商品价格含不含关税,你们的商品价格含不含关税
66,"能不能团购批发,量大有没有优惠","能不能团购批发,量大有没有优惠"
67,你们的价保能跟别的电商平台比价吗,你们的价保能跟别的电商平台比价吗
68,企业采购能不能开月结账期,企业采购能不能开月结账期
69,"仓库在哪个城市,能不能到仓库自提","仓库在哪个城市,能不能到仓库自提"
70,旧的饮水机能回收折价吗,旧的饮水机能回收折价吗
71,能不能指定送货上门的具体时间段,能不能指定送货上门的具体时间段
72,支不支持夜间配送,支不支持夜间配送
73,"能寄到日本吗,有没有国际快递","能寄到日本吗,有没有国际快递"
74,平板版的 App 在哪儿下载,平板版的 App 在哪儿下载
75,你们做不做企业定制礼盒,你们做不做企业定制礼盒
76,"有没有以租代买的方案,设备能租吗","有没有以租代买的方案,设备能租吗"
77,我发的商品评价能删掉吗,我发的商品评价能删掉吗
78,会员身份能转让给朋友用吗,会员身份能转让给朋友用吗
79,有没有保税仓的跨境直邮,有没有保税仓的跨境直邮
80,请问月球基地的氦-3采矿许可证怎么办,请问月球基地的氦-3采矿许可证怎么办
81,退货要寄回去吗，邮费谁出,"退货要寄回去吗,邮费谁出"
82,退货要寄回去吗，邮费谁出,"退货要寄回去吗,邮费谁出"
83,运费怎么算,运费怎么算
84,会员有什么专属售后权益,会员有什么专属售后权益
85,退换货的时效是多久,退换货的时效是多久
86,请问月球基地的氦-3采矿许可证怎么办,请问月球基地的氦-3采矿许可证怎么办
87,请问月球基地的氦-3采矿许可证怎么办,请问月球基地的氦-3采矿许可证怎么办
88,请问月球基地的氦-3采矿许可证怎么办,请问月球基地的氦-3采矿许可证怎么办
89,退换政策是怎样的,退换政策是怎样的
90,退换货的政策是怎样的？,退换货的政策是怎样的?
91,退换货政策是怎样的,退换货政策是怎样的
92,退换货政策是怎样的,退换货政策是怎样的
93,退换货政策怎样,退换货政策怎样
94,退换货政策怎样,退换货政策怎样
95,退换货的政策怎样,退换货的政策怎样
96,请问月球基地的氦-3采矿许可证怎么办,请问月球基地的氦-3采矿许可证怎么办
97,磨爪逗猫棒套装 使用说明,磨爪逗猫棒套装 使用说明
98,除臭剂使用方法,除臭剂使用方法
99,磨爪逗猫棒套装 使用说明,磨爪逗猫棒套装 使用说明
100,磨爪逗猫棒套装 使用说明,磨爪逗猫棒套装 使用说明
101,问题,问题
102,问题,问题
103,问题,问题
104,问题,问题
105,问题,问题
106,问题,问题
107,问题,问题
108,问题,问题
109,磨爪逗猫棒套装怎么用,磨爪逗猫棒套装怎么用
113,磨爪逗猫棒套装 使用说明,磨爪逗猫棒套装 使用说明
116,需要帮您查某张优惠券的使用条件,需要帮您查某张优惠券的使用条件
117,我买的订单 1002 的冻干猫粮，想了解优惠券在该订单中的使用范围。,"我买的订单 1002 的冻干猫粮,想了解优惠券在该订单中的使用范围。"
123,磨爪逗猫棒套装 使用说明,磨爪逗猫棒套装 使用说明
129,磨爪逗猫棒套装 使用说明,磨爪逗猫棒套装 使用说明
131,我上周在喵帮平台下的订单1002购买的冻干猫粮两公斤装存在外包装破损、内容物颜色气味异常及导致猫咪拒食精神萎靡等质量问题，想了解该情况下优惠券的使用范围。,"我上周在喵帮平台下的订单1002购买的冻干猫粮两公斤装存在外包装破损、内容物颜色气味异常及导致猫咪拒食精神萎靡等质量问题,想了解该情况下优惠券的使用范围。"
132,就这些,就这些
135,磨爪逗猫棒套装怎么用,磨爪逗猫棒套装怎么用
142,请问月球基地的氦-3采矿许可证怎么办,请问月球基地的氦-3采矿许可证怎么办
145,我上周在喵帮平台下的订单1002购买的冻干猫粮两公斤装出现外包装破损、颜色气味异常及宠物拒食问题，想了解优惠券使用范围。,"我上周在喵帮平台下的订单1002购买的冻干猫粮两公斤装出现外包装破损、颜色气味异常及宠物拒食问题,想了解优惠券使用范围。"
146,我上周在你们喵帮平台下的订单1002，买的是冻干猫粮两公斤装，签收后发现外包装破损、猫粮颜色和气味异常，猫咪食用后拒食且精神萎靡，已留存开箱视频、照片及快递单号，现咨询该订单下优惠券的使用范围、政策依据、办理步骤、需准备材料及时限要求。,"我上周在你们喵帮平台下的订单1002,买的是冻干猫粮两公斤装,签收后发现外包装破损、猫粮颜色和气味异常,猫咪食用后拒食且精神萎靡,已留存开箱视频、照片及快递单号,现咨询该订单下优惠券的使用范围、政策依据、办理步骤、需准备材料及时限要求。"
147,就这些,就这些
150,磨爪逗猫棒套装 使用说明,磨爪逗猫棒套装 使用说明
154,请问月球基地的氦-3采矿许可证怎么办,请问月球基地的氦-3采矿许可证怎么办
159,请问月球基地的氦-3采矿许可证怎么办,请问月球基地的氦-3采矿许可证怎么办
163,请问月球基地的氦-3采矿许可证怎么办,请问月球基地的氦-3采矿许可证怎么办
165,我上周在喵帮平台下的订单1002购买的冻干猫粮两公斤装，签收后发现外包装破损、冻干颜色和气味异常、猫拒食且精神萎靡，现咨询该订单下优惠券的使用范围、政策依据、办理步骤、所需材料及处理时限。,"我上周在喵帮平台下的订单1002购买的冻干猫粮两公斤装,签收后发现外包装破损、冻干颜色和气味异常、猫拒食且精神萎靡,现咨询该订单下优惠券的使用范围、政策依据、办理步骤、所需材料及处理时限。"
168,请问月球基地的氦-3采矿许可证怎么办,请问月球基地的氦-3采矿许可证怎么办
177,新疆那个是不是还要加钱才能发,新疆那个是不是还要加钱才能发
178,偏远地区能不能用免邮寄,偏远地区能不能用免邮寄
179,新疆发货会不会被加收运费啊,新疆发货会不会被加收运费啊
180,"满多少钱包邮,不满怎么收运费","满多少钱包邮,不满怎么收运费"
181,原话,原话
189,甲说法,甲说法
191,请问月球基地的氦-3采矿许可证怎么办,请问月球基地的氦-3采矿许可证怎么办
195,我上周在喵帮平台下的订单1002买的冻干猫粮两公斤装出现外包装破损、颜色气味异常、猫咪拒食精神萎靡，已留存开箱视频、照片和快递单号，现咨询该情况下优惠券的使用范围。,"我上周在喵帮平台下的订单1002买的冻干猫粮两公斤装出现外包装破损、颜色气味异常、猫咪拒食精神萎靡,已留存开箱视频、照片和快递单号,现咨询该情况下优惠券的使用范围。"
208,请问月球基地的氦-3采矿许可证怎么办,请问月球基地的氦-3采矿许可证怎么办
217,请问月球基地的氦-3采矿许可证怎么办,请问月球基地的氦-3采矿许可证怎么办
224,你好吗,你好吗
